ACC_X,ACC_Y,ACC_Z,GYRO_X,GYRO_Y,GYRO_Z,GRAV_X,GRAV_Y,GRAV_Z,LINACC_X,LINACC_Y,LINACC_Z,ROTVEC_X,ROTVEC_Y,ROTVEC_Z,TIME,CLASS
0.11256592,0.6885681,9.49266,0.0,0.0,0.0,0.0,0.0,9.81,0.11256592,0.6885681,-0.31734008,0.0,0.0,0.0,11459580074475,Still
0.11256592,0.6885681,9.49266,0.0,0.0,0.0,0.0,0.0,9.81,0.11256592,0.6885681,-0.31734008,0.036928687,-0.009096196,-0.06475245,11459630074475,Still
0.11256592,0.6885681,9.49266,0.0,0.0,0.0,0.0,0.0,9.81,-0.008532257,-0.042960662,-0.38589752,0.036928687,-0.009096196,-0.06475245,11459680074475,Still
0.13187577,0.6860234,9.407487,-0.007456851,-0.041545313,-0.015978966,0.1420546,0.6873706,9.784702,-0.010178833,-0.0013471985,-0.37721556,0.034978062,-0.0076447083,-0.011229079,11459730074475,Still
0.1486409,0.6712042,9.388776,-0.007456851,-0.041545313,-0.015978966,0.16690293,0.72164935,9.781858,-0.018262023,-0.0504451,-0.3930826,0.036645107,-0.009219262,-0.019077865,11459780074475,Still
0.1405577,0.68916684,9.402846,-0.007456851,-0.039414786,-0.017044231,0.1498384,0.71760774,9.782457,-0.0092807,-0.028440857,-0.3796106,0.036452718,-0.008345508,-0.019116513,11459830074475,Still
0.13127701,0.66970736,9.387578,-0.007456851,-0.039414786,-0.014913702,0.14579682,0.7167096,9.782607,-0.014519806,-0.04700226,-0.39502853,0.036408585,-0.008136489,-0.019120412,11459880074475,Still
0.13741425,0.6950047,9.413923,-0.008522116,-0.04261058,-0.015978966,0.14175522,0.71626055,9.782757,-0.0043409728,-0.021255799,-0.368833,0.036393523,-0.0079342285,-0.019121341,11459930074475,Still
0.13172607,0.67584455,9.43024,-0.0063915867,-0.04261058,-0.014913702,0.13831238,0.71566176,9.782757,-0.006586304,-0.0398172,-0.35251695,0.036362283,-0.0077585066,-0.019133903,11459980074475,Still
0.13442047,0.6953041,9.417965,-0.0063915867,-0.039414786,-0.014913702,0.1353186,0.71476364,9.782907,-8.9813233E-4,-0.019459534,-0.3649411,0.036319263,-0.007603146,-0.019126717,11460030074475,Still
0.1511856,0.6810837,9.388926,-0.007456851,-0.039414786,-0.015978966,0.13202545,0.7135661,9.783056,0.019160157,-0.032482453,-0.3941304,0.036263745,-0.0074347993,-0.019145045,11460080074475,Still
0.13442047,0.7030879,9.389974,-0.007456851,-0.041545313,-0.015978966,0.12918137,0.71281767,9.783056,0.0052391053,-0.009729767,-0.3930826,0.0362281,-0.007289866,-0.019140605,11460130074475,Still
0.08831634,0.69246,9.448951,-0.004261058,-0.046871636,-0.014913702,0.12499008,0.712668,9.783206,-0.036673736,-0.020207977,-0.33425492,0.03622087,-0.0070767337,-0.019157797,11460180074475,Still
0.14654526,0.69350785,9.407038,-0.0031957934,-0.052197956,-0.017044231,0.121846616,0.7137158,9.783206,0.02469864,-0.020207977,-0.37616774,0.036280237,-0.0069177924,-0.019165233,11460230074475,Still
0.14774276,0.6753955,9.376351,-0.004261058,-0.0479369,-0.015978966,0.1207988,0.71311706,9.783206,0.02694397,-0.03772156,-0.40685394,0.036246337,-0.006858509,-0.019165922,11460280074475,Still
0.13442047,0.6291417,9.394614,-0.007456851,-0.041545313,-0.013848438,0.11915222,0.7120693,9.783356,0.015268249,-0.082927555,-0.3887416,0.03619925,-0.0067733927,-0.019154679,11460330074475,Still
0.14400055,0.6914122,9.428892,-0.0063915867,-0.039414786,-0.014913702,0.11555969,0.710722,9.783505,0.028440857,-0.019309845,-0.3546126,0.036134776,-0.0065925866,-0.019174904,11460380074475,Still
0.14804214,0.6887178,9.425,-0.008522116,-0.041545313,-0.014913702,0.11391312,0.7110214,9.783505,0.034129027,-0.022303618,-0.35850447,0.036151707,-0.006508585,-0.019161632,11460430074475,Still
0.10852432,0.6503975,9.380243,-0.007456851,-0.041545313,-0.015978966,0.11106903,0.7098239,9.783505,-0.0025447083,-0.059426423,-0.40326142,0.036090717,-0.0063641528,-0.019182933,11460480074475,Still
0.1074765,0.68677187,9.405392,-0.008522116,-0.04261058,-0.015978966,0.10912308,0.7087761,9.783655,-0.001646576,-0.022004241,-0.37826338,0.036037974,-0.006262758,-0.019177672,11460530074475,Still
0.14789246,0.683329,9.416469,-0.008522116,-0.040480047,-0.017044231,0.10642868,0.7087761,9.783655,0.041463777,-0.025447082,-0.36718643,0.036039513,-0.0061287275,-0.019184174,11460580074475,Still
0.13831238,0.66970736,9.422007,-0.008522116,-0.040480047,-0.014913702,0.10508148,0.70802766,9.783805,0.033230897,-0.038320314,-0.36179763,0.036006875,-0.0060551334,-0.019186841,11460630074475,Still
0.13636643,0.66821045,9.454041,-0.008522116,-0.041545313,-0.014913702,0.103584595,0.7074289,9.783805,0.03278183,-0.039218444,-0.32976425,0.03597852,-0.0059762374,-0.019196302,11460680074475,Still
0.1074765,0.6683601,9.404493,-0.007456851,-0.04261058,-0.015978966,0.101488955,0.7074289,9.783805,0.0059875487,-0.039068755,-0.3793112,0.03597662,-0.0058714086,-0.019193824,11460730074475,Still
0.124690704,0.6608757,9.419462,-0.007456851,-0.041545313,-0.014913702,0.09969269,0.7072792,9.783955,0.024998017,-0.046403505,-0.36449203,0.03597194,-0.005780084,-0.019191599,11460780074475,Still
0.1392105,0.66671354,9.408385,-0.007456851,-0.041545313,-0.015978966,0.09834549,0.7063811,9.783955,0.04086502,-0.03966751,-0.375569,0.035930432,-0.0057100533,-0.019198876,11460830074475,Still
0.123343505,0.68767,9.412726,-0.007456851,-0.04261058,-0.015978966,0.09714798,0.70623136,9.783955,0.026195526,-0.0185614,-0.37122804,0.035920873,-0.0056480216,-0.019207858,11460880074475,Still
0.14415024,0.6782396,9.414223,-0.008522116,-0.04261058,-0.017044231,0.09565109,0.70548296,9.784103,0.048499145,-0.027243348,-0.36988083,0.035884384,-0.0055743763,-0.01920927,11460930074475,Still
0.13397141,0.6825806,9.394015,-0.0063915867,-0.04261058,-0.014913702,0.09535172,0.70533323,9.784103,0.03861969,-0.022752685,-0.3900888,0.03587637,-0.0055552665,-0.019210964,11460980074475,Still
0.0981958,0.6864725,9.421557,-0.007456851,-0.04261058,-0.014913702,0.09385483,0.7050339,9.784103,0.0043409728,-0.0185614,-0.3625461,0.03586272,-0.0054818857,-0.019204663,11461030074475,Still
0.14489868,0.70009416,9.3944645,-0.007456851,-0.040480047,-0.017044231,0.09220825,0.7057823,9.784103,0.05269043,-0.0056881714,-0.38963974,0.03590243,-0.005401315,-0.019216632,11461080074475,Still
0.14130615,0.67958677,9.412427,-0.007456851,-0.041545313,-0.017044231,0.09116043,0.70548296,9.784103,0.050145723,-0.025896149,-0.3716771,0.035888247,-0.0053452747,-0.019219555,11461130074475,Still
0.121247865,0.69754946,9.442065,-0.00958738,-0.041545313,-0.014913702,0.09071136,0.70458484,9.784103,0.030536499,-0.00703537,-0.34203872,0.035843816,-0.0053179497,-0.019219339,11461180074475,Still
0.10732681,0.7048842,9.412577,-0.007456851,-0.04261058,-0.014913702,0.08906479,0.7047345,9.784103,0.018262023,1.4968873E-4,-0.3715274,0.03585357,-0.005233568,-0.01921355,11461230074475,Still
0.124391325,0.66132474,9.402099,-0.008522116,-0.041545313,-0.015978966,0.0875679,0.7041357,9.784253,0.036823425,-0.042810973,-0.3821553,0.03582693,-0.005161901,-0.019224875,11461280074475,Still
0.15088624,0.65743285,9.411229,-0.007456851,-0.041545313,-0.014913702,0.08666977,0.703537,9.784253,0.064216465,-0.046104126,-0.37302428,0.03579368,-0.0051118433,-0.01921457,11461330074475,Still
0.11960129,0.70398605,9.397758,-0.007456851,-0.04261058,-0.015978966,0.085921325,0.7033873,9.784253,0.033679962,5.987549E-4,-0.38649628,0.035787016,-0.005077703,-0.019227713,11461380074475,Still
0.11047027,0.6873706,9.38713,-0.0063915867,-0.043675844,-0.017044231,0.084574126,0.70368665,9.784253,0.025896149,-0.016316071,-0.39712417,0.0357996,-0.0050034076,-0.019229686,11461430074475,Still
0.1419049,0.68273026,9.397009,-0.0063915867,-0.043675844,-0.015978966,0.08427475,0.70368665,9.784253,0.05763016,-0.020956421,-0.38724473,0.035804655,-0.0049904287,-0.019230902,11461480074475,Still
0.12888199,0.6743477,9.396859,-0.007456851,-0.041545313,-0.014913702,0.083675995,0.7032376,9.784253,0.045205995,-0.028889922,-0.3873944,0.03577911,-0.004958749,-0.019217532,11461530074475,Still
0.12064911,0.68767,9.398356,-0.0063915867,-0.041545313,-0.014913702,0.0823288,0.70248914,9.784403,0.038320314,-0.014819183,-0.3860472,0.035743963,-0.00489131,-0.01921298,11461580074475,Still
0.13232483,0.67644334,9.41587,-0.007456851,-0.041545313,-0.017044231,0.08128098,0.70263886,9.784403,0.051043853,-0.026195526,-0.36853364,0.035751738,-0.004838676,-0.019236103,11461630074475,Still
0.1672023,0.68722093,9.407337,-0.007456851,-0.043675844,-0.014913702,0.0809816,0.7023395,9.784403,0.086220704,-0.015118561,-0.3770659,0.035737798,-0.0048190905,-0.019228088,11461680074475,Still
0.12963043,0.6950047,9.389225,-0.008522116,-0.043675844,-0.014913702,0.08053253,0.7020401,9.784403,0.0490979,-0.00703537,-0.39517823,0.03572124,-0.00479817,-0.019226328,11461730074475,Still
0.123193815,0.68961596,9.41587,-0.008522116,-0.041545313,-0.014913702,0.08008347,0.70174074,9.784403,0.043110352,-0.012124786,-0.36853364,0.035706088,-0.0047734706,-0.019238256,11461780074475,Still
0.10897339,0.6584807,9.424402,-0.007456851,-0.04261058,-0.015978966,0.07903565,0.70114195,9.784553,0.029937744,-0.042661287,-0.36015105,0.03568222,-0.00472071,-0.019233845,11461830074475,Still
0.13471985,0.67359924,9.405092,-0.007456851,-0.04261058,-0.015978966,0.07888596,0.7006929,9.784553,0.05583389,-0.027093658,-0.3794609,0.035659287,-0.0047128256,-0.01924023,11461880074475,Still
0.120200045,0.6819818,9.399254,-0.0063915867,-0.04261058,-0.014913702,0.07813751,0.7009923,9.784553,0.042062532,-0.019010467,-0.38529876,0.035674118,-0.004677089,-0.019241558,11461930074475,Still
0.13262421,0.68422717,9.380543,-0.008522116,-0.04261058,-0.015978966,0.07768845,0.7006929,9.784553,0.05493576,-0.016465759,-0.40400985,0.035660334,-0.004651378,-0.01924241,11461980074475,Still
0.1419049,0.71251833,9.403745,-0.008522116,-0.04261058,-0.015978966,0.07723938,0.7005432,9.784553,0.064665526,0.0119750975,-0.38080812,0.03564915,-0.0046341997,-0.01924299,11462030074475,Still
0.12723541,0.68497556,9.44461,-0.007456851,-0.04261058,-0.017044231,0.07634125,0.7003935,9.784553,0.050894164,-0.015417938,-0.33994308,0.03564349,-0.0045852615,-0.019244704,11462080074475,Still
0.1366658,0.6854246,9.381441,-0.008522116,-0.04261058,-0.018109495,0.07574249,0.6994954,9.784702,0.060923308,-0.01407074,-0.40326142,0.035600785,-0.004553546,-0.019245679,11462130074475,Still
0.12169693,0.65458876,9.408984,-0.0063915867,-0.041545313,-0.014913702,0.07529343,0.69889665,9.784702,0.046403505,-0.04430786,-0.37571868,0.035566613,-0.004531673,-0.019234378,11462180074475,Still
0.13262421,0.69859725,9.437425,-0.007456851,-0.041545313,-0.015978966,0.0755928,0.6984476,9.784702,0.057031404,1.4968873E-4,-0.34727782,0.035545986,-0.0045410814,-0.019239297,11462230074475,Still
0.13696519,0.67958677,9.36782,-0.007456851,-0.04261058,-0.014913702,0.07514374,0.69889665,9.784702,0.061821442,-0.019309845,-0.41688308,0.035565656,-0.0045203315,-0.019246712,11462280074475,Still
0.12768447,0.6791377,9.375005,-0.008522116,-0.04261058,-0.015978966,0.07499405,0.69889665,9.784702,0.05269043,-0.019758912,-0.40969804,0.03556472,-0.0045123687,-0.019240998,11462330074475,Still
0.14938934,0.68811905,9.41063,-0.0063915867,-0.041545313,-0.014913702,0.0742456,0.6990463,9.784702,0.07514374,-0.010927277,-0.3740721,0.03557573,-0.0044800453,-0.019248199,11462380074475,Still
0.1128653,0.67898804,9.395512,-0.007456851,-0.040480047,-0.017044231,0.07379654,0.6987469,9.784702,0.039068755,-0.019758912,-0.38919067,0.035561353,-0.0044528097,-0.019247454,11462430074475,Still
0.13891113,0.6825806,9.388776,-0.007456851,-0.04261058,-0.015978966,0.07379654,0.6984476,9.784702,0.065114595,-0.015867004,-0.39592665,0.035547104,-0.0044556344,-0.019248962,11462480074475,Still
0.14040802,0.65997756,9.398506,-0.008522116,-0.044741105,-0.017044231,0.07394623,0.6984476,9.784702,0.066461794,-0.03847,-0.3861969,0.035547182,-0.004463273,-0.019251022,11462530074475,Still
0.124690704,0.7047345,9.419612,-0.007456851,-0.043675844,-0.017044231,0.07364685,0.6984476,9.784702,0.051043853,0.006286926,-0.3650908,0.035550017,-0.004444941,-0.019249335,11462580074475,Still
0.100141756,0.6870712,9.381142,-0.008522116,-0.040480047,-0.015978966,0.07319778,0.69859725,9.784702,0.02694397,-0.011526031,-0.4035608,0.035550855,-0.0044192104,-0.019243903,11462630074475,Still
0.13337265,0.6990463,9.445658,-0.007456851,-0.04261058,-0.014913702,0.07304809,0.69859725,9.784702,0.060324553,4.4906617E-4,-0.33904496,0.035556756,-0.0044134697,-0.019250486,11462680074475,Still
0.14923966,0.69380724,9.394015,-0.008522116,-0.043675844,-0.014913702,0.07319778,0.6987469,9.784702,0.07604187,-0.004939728,-0.39068756,0.03556312,-0.0044234414,-0.019244155,11462730074475,Still
0.14429992,0.68781966,9.416319,-0.007456851,-0.043675844,-0.014913702,0.07304809,0.69859725,9.784702,0.07125183,-0.010777588,-0.36838394,0.03555772,-0.0044136476,-0.019250482,11462780074475,Still
0.14130615,0.65907943,9.393716,-0.007456851,-0.041545313,-0.014913702,0.07274872,0.69859725,9.784702,0.068557434,-0.039517824,-0.39098695,0.03555266,-0.0043966193,-0.019239344,11462830074475,Still
0.123193815,0.68677187,9.371263,-0.008522116,-0.041545313,-0.015978966,0.07274872,0.6984476,9.784702,0.0504451,-0.01167572,-0.41344026,0.03554374,-0.0043970756,-0.019251008,11462880074475,Still
0.12663665,0.67135394,9.460477,-0.007456851,-0.04261058,-0.018109495,0.07244934,0.6984476,9.784702,0.054187316,-0.027093658,-0.32422578,0.03554445,-0.004383835,-0.019253045,11462930074475,Still
0.13906083,0.68377805,9.44446,-0.008522116,-0.043675844,-0.015978966,0.07274872,0.6978488,9.784852,0.066312104,-0.01407074,-0.34039214,0.03551673,-0.0044024,-0.019250706,11462980074475,Still
0.1565744,0.6752458,9.419462,-0.007456851,-0.043675844,-0.014913702,0.07244934,0.69739974,9.784852,0.084125064,-0.02215393,-0.36539018,0.035496853,-0.0043856017,-0.019239906,11463030074475,Still
0.13442047,0.67389864,9.38713,-0.008522116,-0.04261058,-0.015978966,0.07244934,0.6971004,9.784852,0.06197113,-0.023201752,-0.39772293,0.035476923,-0.004380285,-0.019251332,11463080074475,Still
0.13606705,0.6822812,9.432784,-0.0063915867,-0.041545313,-0.017044231,0.07259903,0.6966513,9.784852,0.06346802,-0.014370117,-0.35206786,0.035456013,-0.0043886984,-0.019249838,11463130074475,Still
0.11436218,0.6828799,9.414073,-0.007456851,-0.04261058,-0.014913702,0.07214996,0.696801,9.784852,0.042212218,-0.013921051,-0.37077895,0.03546324,-0.004363749,-0.019226152,11463180074475,Still
0.16974701,0.6911128,9.39132,-0.008522116,-0.043675844,-0.015978966,0.07200027,0.6969507,9.784852,0.09774674,-0.00583786,-0.39353165,0.03546971,-0.0043628328,-0.019251931,11463230074475,Still
0.11481125,0.6954538,9.407637,-0.007456851,-0.04261058,-0.017044231,0.07229965,0.6971004,9.784852,0.042511597,-0.001646576,-0.37721556,0.03547923,-0.0043773334,-0.019250534,11463280074475,Still
0.12888199,0.6493497,9.402996,-0.007456851,-0.04261058,-0.015978966,0.07229965,0.69754946,9.784852,0.056582335,-0.04819977,-0.38185593,0.035503436,-0.0043744035,-0.019251613,11463330074475,Still
0.12753479,0.690065,9.439521,-0.007456851,-0.041545313,-0.014913702,0.07200027,0.69725007,9.784852,0.055534516,-0.0071850587,-0.34533188,0.035490535,-0.0043600462,-0.019240355,11463380074475,Still
0.11855347,0.6703061,9.432634,-0.007456851,-0.041545313,-0.015978966,0.07155121,0.6971004,9.784852,0.04700226,-0.02679428,-0.35221756,0.035477575,-0.004340998,-0.019252691,11463430074475,Still
0.10298584,0.6759943,9.411678,-0.007456851,-0.04261058,-0.015978966,0.07155121,0.6969507,9.784852,0.031434633,-0.020956421,-0.37317398,0.035470475,-0.0043336246,-0.019246554,11463480074475,Still
0.16166382,0.67045575,9.366921,-0.007456851,-0.044741105,-0.014913702,0.07200027,0.6971004,9.784852,0.08966354,-0.026644593,-0.4179309,0.03548247,-0.0043623736,-0.019251958,11463530074475,Still
0.13397141,0.685724,9.394913,-0.007456851,-0.043675844,-0.014913702,0.07200027,0.696801,9.784852,0.06197113,-0.011076965,-0.38993913,0.035461046,-0.0043626744,-0.01925186,11463580074475,Still
0.13442047,0.7075786,9.37695,-0.007456851,-0.041545313,-0.017044231,0.07200027,0.6969507,9.784852,0.062420197,0.010627899,-0.40790176,0.035474043,-0.0043577245,-0.019240052,11463630074475,Still
0.14444962,0.6688092,9.412577,-0.008522116,-0.04261058,-0.015978966,0.07244934,0.6971004,9.784852,0.07200027,-0.028291168,-0.37227586,0.03547647,-0.0043790545,-0.019231541,11463680074475,Still
0.13127701,0.6756949,9.409433,-0.00958738,-0.041545313,-0.0127831735,0.07259903,0.69635195,9.784852,0.05867798,-0.020657044,-0.37541932,0.035442032,-0.0043865787,-0.019214101,11463730074475,Still
0.124391325,0.7300319,9.4226055,-0.008522116,-0.044741105,-0.017044231,0.07200027,0.6969507,9.784852,0.052391052,0.033081207,-0.3622467,0.03547299,-0.004356512,-0.019245803,11463780074475,Still
0.13711487,0.68437684,9.41587,-0.007456851,-0.044741105,-0.017044231,0.07185058,0.6981482,9.784852,0.065264285,-0.013771363,-0.3689827,0.03553194,-0.0043513887,-0.019246168,11463830074475,Still
0.15971786,0.7044351,9.389674,-0.007456851,-0.041545313,-0.015978966,0.07229965,0.6987469,9.784702,0.08741821,0.0056881714,-0.39502853,0.035560153,-0.0043790042,-0.019251648,11463880074475,Still
0.12828323,0.6635701,9.426797,-0.007456851,-0.041545313,-0.015978966,0.07229965,0.6984476,9.784702,0.05598358,-0.03487747,-0.35790575,0.035545453,-0.004376565,-0.019247746,11463930074475,Still
0.14564712,0.6893166,9.418264,-0.008522116,-0.04261058,-0.017044231,0.07185058,0.6979985,9.784852,0.07379654,-0.0086819455,-0.36658767,0.03552585,-0.0043508457,-0.019252531,11463980074475,Still
0.15777192,0.6638695,9.373957,-0.008522116,-0.043675844,-0.017044231,0.07200027,0.69754946,9.784852,0.085771635,-0.033679962,-0.41089553,0.035504796,-0.0043569943,-0.01925223,11464030074475,Still
0.14609618,0.6984476,9.426797,-0.007456851,-0.04261058,-0.014913702,0.07214996,0.6969507,9.784852,0.07394623,0.0014968872,-0.3580554,0.035472948,-0.004370412,-0.01925163,11464080074475,Still
0.13606705,0.6990463,9.435329,-0.0063915867,-0.043675844,-0.014913702,0.07229965,0.6976991,9.784852,0.063767396,0.0013471985,-0.34952316,0.035510823,-0.0043750666,-0.019242913,11464130074475,Still
0.15852036,0.68497556,9.406139,-0.007456851,-0.04261058,-0.017044231,0.07244934,0.6981482,9.784702,0.086071014,-0.013172608,-0.37856278,0.035531975,-0.004381816,-0.019247878,11464180074475,Still
0.10777588,0.667462,9.395961,-0.008522116,-0.044741105,-0.017044231,0.07200027,0.69829786,9.784702,0.035775606,-0.030835876,-0.3887416,0.03553848,-0.0043586157,-0.019252287,11464230074475,Still
0.13771363,0.662672,9.427995,-0.008522116,-0.043675844,-0.017044231,0.07214996,0.6978488,9.784852,0.06556366,-0.03517685,-0.3568579,0.035516206,-0.004369162,-0.019251179,11464280074475,Still
0.14968872,0.65204406,9.423354,-0.008522116,-0.04261058,-0.015978966,0.07214996,0.6969507,9.784852,0.07753876,-0.044906616,-0.36149827,0.035468504,-0.004364102,-0.019251833,11464330074475,Still
0.13217515,0.6782396,9.433982,-0.0063915867,-0.04261058,-0.015978966,0.07185058,0.6965016,9.784852,0.060324553,-0.018262023,-0.35087037,0.035445515,-0.004352498,-0.019240592,11464380074475,Still
0.16031662,0.70937485,9.416019,-0.0063915867,-0.04261058,-0.015978966,0.07185058,0.6965016,9.784852,0.08846603,0.01287323,-0.368833,0.035447527,-0.004354776,-0.019252075,11464430074475,Still
0.13786331,0.7063811,9.420959,-0.008522116,-0.04261058,-0.014913702,0.07214996,0.6971004,9.784852,0.065713346,0.0092807,-0.36389327,0.035481747,-0.004370069,-0.019251673,11464480074475,Still
0.12678635,0.6706055,9.390423,-0.008522116,-0.043675844,-0.017044231,0.0717009,0.6969507,9.784852,0.05508545,-0.026345216,-0.39442977,0.03547417,-0.004348254,-0.019249275,11464530074475,Still
0.105979614,0.67225206,9.416618,-0.007456851,-0.04261058,-0.015978966,0.07140152,0.69635195,9.784852,0.034578096,-0.024099885,-0.36823425,0.03544166,-0.0043324046,-0.01924441,11464580074475,Still
0.10957214,0.66686326,9.386681,-0.007456851,-0.041545313,-0.015978966,0.07125183,0.69605255,9.785002,0.038320314,-0.0291893,-0.3983217,0.035423964,-0.004317431,-0.019253312,11464630074475,Still
0.13591737,0.66177386,9.390423,-0.0063915867,-0.04261058,-0.018109495,0.070503384,0.6959029,9.785002,0.065413974,-0.034129027,-0.39457947,0.035415966,-0.0042853793,-0.019253314,11464680074475,Still
0.1407074,0.7032376,9.387877,-0.00958738,-0.043675844,-0.018109495,0.07065307,0.69575316,9.785002,0.07005432,0.007484436,-0.39712417,0.03540922,-0.0042930488,-0.019254107,11464730074475,Still
0.12633727,0.68587375,9.442065,-0.007456851,-0.043675844,-0.015978966,0.07125183,0.69605255,9.785002,0.05508545,-0.010178833,-0.34293687,0.035423696,-0.004318459,-0.019247433,11464780074475,Still
0.11765534,0.7074289,9.407786,-0.007456851,-0.04261058,-0.017044231,0.07125183,0.6959029,9.785002,0.046403505,0.011526031,-0.37721556,0.03541545,-0.004321415,-0.019253124,11464830074475,Still
0.13786331,0.66910857,9.399104,-0.007456851,-0.041545313,-0.015978966,0.07110214,0.69635195,9.784852,0.066761166,-0.027243348,-0.38574782,0.035440423,-0.004315038,-0.019247007,11464880074475,Still
0.15612534,0.67704207,9.4015,-0.007456851,-0.04261058,-0.014913702,0.07110214,0.69575316,9.785002,0.085023195,-0.01871109,-0.3835025,0.035412118,-0.004315681,-0.019253317,11464930074475,Still
0.13322297,0.69575316,9.4104805,-0.0063915867,-0.043675844,-0.017044231,0.07140152,0.6962022,9.784852,0.061821442,-4.4906617E-4,-0.3743715,0.035435982,-0.0043273773,-0.019252464,11464980074475,Still
0.14834152,0.6942563,9.384734,-0.007456851,-0.043675844,-0.017044231,0.07095245,0.6965016,9.784852,0.07738907,-0.0022453307,-0.40011796,0.0354526,-0.004308845,-0.019253712,11465030074475,Still
0.11121872,0.68961596,9.41093,-0.007456851,-0.04261058,-0.015978966,0.07080276,0.69739974,9.784852,0.040415954,-0.0077838134,-0.37392244,0.03549532,-0.004303079,-0.019248232,11465080074475,Still
0.13486953,0.6873706,9.403745,-0.007456851,-0.043675844,-0.017044231,0.07110214,0.69725007,9.784852,0.063767396,-0.009879456,-0.38110748,0.03548865,-0.0043179393,-0.019253507,11465130074475,Still
0.14579682,0.6780899,9.422306,-0.007456851,-0.04261058,-0.017044231,0.07155121,0.69739974,9.784852,0.0742456,-0.019309845,-0.3625461,0.035494857,-0.004340278,-0.019251835,11465180074475,Still
0.12558883,0.6529422,9.439221,-0.008522116,-0.043675844,-0.015978966,0.07095245,0.6971004,9.784852,0.05463638,-0.04415817,-0.34563124,0.035482675,-0.004310214,-0.019253762,11465230074475,Still
0.11960129,0.6550378,9.379496,-0.0063915867,-0.043675844,-0.015978966,0.07065307,0.6966513,9.784852,0.048948213,-0.041613463,-0.40535706,0.03545896,-0.0042928727,-0.019248212,11465280074475,Still
0.11795471,0.6879694,9.387877,-0.007456851,-0.043675844,-0.014913702,0.07065307,0.696801,9.784852,0.047301635,-0.008831634,-0.39697447,0.03546825,-0.0042912625,-0.01925437,11465330074475,Still
0.13516891,0.66701293,9.423204,-0.008522116,-0.04261058,-0.017044231,0.07110214,0.6965016,9.784852,0.064066775,-0.029488677,-0.36164796,0.03545113,-0.004310156,-0.019250117,11465380074475,Still
0.13367203,0.6813831,9.395512,-0.007456851,-0.041545313,-0.017044231,0.07110214,0.6969507,9.784852,0.06256989,-0.015567627,-0.38934037,0.035472147,-0.0043163076,-0.019253485,11465430074475,Still
0.12963043,0.6746471,9.371562,-0.007456851,-0.044741105,-0.017044231,0.07065307,0.6971004,9.784852,0.058977354,-0.022453308,-0.41329056,0.03547936,-0.0042924304,-0.019254345,11465480074475,Still
0.15148498,0.662672,9.365274,-0.007456851,-0.044741105,-0.017044231,0.07110214,0.696801,9.784852,0.08038285,-0.034129027,-0.41957748,0.0354647,-0.0043168757,-0.01925574,11465530074475,Still
0.1260379,0.6731502,9.373957,-0.007456851,-0.04261058,-0.013848438,0.0717009,0.6966513,9.784852,0.054337006,-0.02350113,-0.41089553,0.03545306,-0.004346246,-0.019252319,11465580074475,Still
0.14265335,0.64845157,9.4176655,-0.007456851,-0.04261058,-0.014913702,0.07155121,0.6965016,9.784852,0.07110214,-0.04805008,-0.36718643,0.03545175,-0.0043341713,-0.019240998,11465630074475,Still
0.14429992,0.6619235,9.431887,-0.007456851,-0.043675844,-0.018109495,0.07200027,0.69635195,9.784852,0.07229965,-0.034428407,-0.352966,0.035439596,-0.0043575894,-0.01925186,11465680074475,Still
0.14010864,0.6803352,9.408984,-0.00958738,-0.043675844,-0.015978966,0.07229965,0.6962022,9.784852,0.06780899,-0.015867004,-0.37586838,0.035434015,-0.0043740226,-0.019245293,11465730074475,Still
0.13486953,0.66701293,9.405841,-0.007456851,-0.043675844,-0.014913702,0.07214996,0.69575316,9.785002,0.062719576,-0.028740235,-0.37916154,0.035407633,-0.0043699145,-0.019242827,11465780074475,Still
0.09999207,0.69216067,9.380243,-0.0063915867,-0.04261058,-0.015978966,0.07185058,0.69575316,9.785002,0.02814148,-0.0035925293,-0.4047583,0.035412177,-0.004348033,-0.01925211,11465830074475,Still
0.14265335,0.67195266,9.397608,-0.008522116,-0.04261058,-0.015978966,0.07200027,0.6959029,9.785002,0.07065307,-0.023950195,-0.3873944,0.035414606,-0.004357241,-0.019245785,11465880074475,Still
0.124391325,0.64919996,9.38713,-0.008522116,-0.04261058,-0.015978966,0.07214996,0.6959029,9.785002,0.052241363,-0.04670288,-0.39787263,0.03541608,-0.0043688007,-0.019236673,11465930074475,Still
0.13995895,0.68018556,9.389375,-0.007456851,-0.04261058,-0.015978966,0.07244934,0.69605255,9.785002,0.067509614,-0.015867004,-0.3956273,0.035422,-0.0043796627,-0.0192388,11465980074475,Still
0.13277389,0.66566575,9.38698,-0.007456851,-0.043675844,-0.017044231,0.07319778,0.69635195,9.784852,0.05957611,-0.030686188,-0.39787263,0.035438765,-0.004416354,-0.01924114,11466030074475,Still
0.12858261,0.6731502,9.422306,-0.0063915867,-0.04261058,-0.015978966,0.07349716,0.6962022,9.784852,0.05508545,-0.023052063,-0.3625461,0.035433903,-0.00443202,-0.019249177,11466080074475,Still
0.123343505,0.6956035,9.440568,-0.007456851,-0.043675844,-0.014913702,0.07334747,0.6959029,9.785002,0.049996033,-2.9937745E-4,-0.34443375,0.035415944,-0.0044290293,-0.019243378,11466130074475,Still
0.12828323,0.6912625,9.412577,-0.008522116,-0.04261058,-0.017044231,0.07319778,0.6959029,9.785002,0.05508545,-0.00464035,-0.37242553,0.035416424,-0.0044187773,-0.019243399,11466180074475,Still
0.1486409,0.6779402,9.395062,-0.008522116,-0.043675844,-0.014913702,0.07394623,0.6956035,9.785002,0.07469467,-0.017663268,-0.38993913,0.03540157,-0.004457306,-0.019239668,11466230074475,Still
0.14085709,0.70248914,9.413176,-0.007456851,-0.043675844,-0.015978966,0.0742456,0.6959029,9.784852,0.06661148,0.006586304,-0.3716771,0.03541379,-0.0044757845,-0.01924751,11466280074475,Still
0.1273851,0.6791377,9.394614,-0.007456851,-0.04261058,-0.017044231,0.07454498,0.69635195,9.784852,0.052840117,-0.017214203,-0.3902385,0.035438016,-0.0044892775,-0.019247126,11466330074475,Still
0.13846207,0.67075515,9.419013,-0.007456851,-0.043675844,-0.017044231,0.07469467,0.6959029,9.784852,0.063767396,-0.025147704,-0.36583924,0.035419196,-0.004496456,-0.019243443,11466380074475,Still
0.1181044,0.6788384,9.402996,-0.007456851,-0.043675844,-0.015978966,0.07514374,0.6954538,9.785002,0.042960662,-0.016615449,-0.3820056,0.035389125,-0.0045193834,-0.019240068,11466430074475,Still
0.15552658,0.68961596,9.402397,-0.007456851,-0.044741105,-0.015978966,0.07499405,0.6956035,9.785002,0.08053253,-0.0059875487,-0.38260436,0.035403628,-0.0045113275,-0.019246208,11466480074475,Still
0.13202545,0.6724017,9.411529,-0.007456851,-0.043675844,-0.015978966,0.07514374,0.6959029,9.784852,0.056881715,-0.02350113,-0.37332368,0.035415992,-0.004519745,-0.019242968,11466530074475,Still
0.106877744,0.68527496,9.366622,-0.007456851,-0.041545313,-0.015978966,0.07499405,0.69605255,9.784852,0.031883698,-0.010777588,-0.4182303,0.035424672,-0.004513813,-0.019246204,11466580074475,Still
0.11780503,0.68302965,9.417516,-0.008522116,-0.043675844,-0.014913702,0.07544312,0.69605255,9.784852,0.042361908,-0.013022918,-0.36733612,0.03542427,-0.004532757,-0.019237079,11466630074475,Still
0.1511856,0.6971004,9.41078,-0.008522116,-0.044741105,-0.018109495,0.07544312,0.6962022,9.784852,0.07574249,8.9813233E-4,-0.3740721,0.035431966,-0.0045347977,-0.019245472,11466680074475,Still
0.13651611,0.68587375,9.346264,-0.007456851,-0.043675844,-0.017044231,0.07649094,0.69605255,9.784852,0.060025178,-0.010178833,-0.43858796,0.03542324,-0.004585862,-0.01924596,11466730074475,Still
0.12813355,0.637674,9.387578,-0.008522116,-0.043675844,-0.014913702,0.07634125,0.6956035,9.784852,0.051792298,-0.057929534,-0.39727387,0.03539992,-0.0045824647,-0.019235406,11466780074475,Still
0.10178833,0.6885681,9.413923,-0.007456851,-0.043675844,-0.014913702,0.0755928,0.6953041,9.785002,0.026195526,-0.0067359926,-0.37107834,0.035387445,-0.004542915,-0.019245006,11466830074475,Still
0.16151413,0.69380724,9.382489,-0.008522116,-0.04261058,-0.015978966,0.07619156,0.6959029,9.784852,0.085322574,-0.002095642,-0.40236327,0.035415813,-0.0045728097,-0.019238075,11466880074475,Still
0.124391325,0.6942563,9.407038,-0.007456851,-0.04261058,-0.015978966,0.07679031,0.69605255,9.784852,0.047601014,-0.0017962647,-0.37781432,0.035420284,-0.0045999717,-0.019236881,11466930074475,Still
0.14834152,0.71221894,9.405691,-0.008522116,-0.043675844,-0.017044231,0.07679031,0.6965016,9.784852,0.07155121,0.015717316,-0.37916154,0.03544627,-0.004601375,-0.019243143,11466980074475,Still
0.11750565,0.68048495,9.398057,-0.007456851,-0.043675844,-0.015978966,0.07694,0.6962022,9.784852,0.040565643,-0.015717316,-0.38679564,0.035427164,-0.0046120686,-0.019236855,11467030074475,Still
0.09535172,0.66701293,9.416768,-0.008522116,-0.041545313,-0.014913702,0.07634125,0.69635195,9.784852,0.019010467,-0.02933899,-0.36808455,0.035437588,-0.004580307,-0.019243833,11467080074475,Still
0.11391312,0.6569838,9.417516,-0.007456851,-0.04261058,-0.014913702,0.0755928,0.6962022,9.784852,0.038320314,-0.039218444,-0.36733612,0.035427283,-0.0045424383,-0.019236252,11467130074475,Still
0.12843293,0.68243086,9.413176,-0.00958738,-0.043675844,-0.014913702,0.07619156,0.69605255,9.784852,0.052241363,-0.013621674,-0.3716771,0.035419904,-0.0045736367,-0.019232705,11467180074475,Still
0.13337265,0.6917116,9.3944645,-0.007456851,-0.04580637,-0.017044231,0.07604187,0.69605255,9.784852,0.05733078,-0.0043409728,-0.3903882,0.03542467,-0.004565497,-0.019244317,11467230074475,Still
0.12903167,0.67674273,9.421557,-0.0063915867,-0.043675844,-0.014913702,0.07589218,0.69635195,9.784852,0.053139497,-0.019609222,-0.3632945,0.035435356,-0.004557846,-0.01923649,11467280074475,Still
0.1287323,0.6782396,9.3823395,-0.007456851,-0.041545313,-0.015978966,0.07604187,0.6966513,9.784852,0.05269043,-0.018411713,-0.40251297,0.035450105,-0.0045627337,-0.019244516,11467330074475,Still
0.15986755,0.66401917,9.393566,-0.007456851,-0.04261058,-0.015978966,0.07664063,0.69635195,9.784852,0.08322693,-0.032332763,-0.3912863,0.035434447,-0.004592686,-0.01923716,11467380074475,Still
0.15298188,0.69485503,9.388926,-0.007456851,-0.044741105,-0.015978966,0.07694,0.69635195,9.784852,0.07604187,-0.0014968872,-0.39592665,0.035436206,-0.004609227,-0.019242823,11467430074475,Still
0.122894436,0.6749464,9.411678,-0.007456851,-0.044741105,-0.014913702,0.07649094,0.69635195,9.784852,0.046403505,-0.021405486,-0.37317398,0.03543502,-0.0045856945,-0.019235171,11467480074475,Still
0.11750565,0.66057634,9.376053,-0.008522116,-0.04261058,-0.015978966,0.07649094,0.69635195,9.784852,0.04101471,-0.035775606,-0.4087999,0.035434138,-0.004590233,-0.019243497,11467530074475,Still
0.14609618,0.67764086,9.383088,-0.008522116,-0.04261058,-0.015978966,0.07708969,0.6965016,9.784852,0.0690065,-0.01886078,-0.4017645,0.035441224,-0.004614965,-0.019236624,11467580074475,Still
0.124241635,0.71311706,9.433533,-0.008522116,-0.043675844,-0.015978966,0.07708969,0.696801,9.784852,0.047151946,0.016316071,-0.35131943,0.035457343,-0.004615618,-0.01924267,11467630074475,Still
0.12633727,0.68123335,9.388327,-0.007456851,-0.04580637,-0.017044231,0.07694,0.6969507,9.784852,0.04939728,-0.015717316,-0.3965254,0.03546838,-0.0046140403,-0.019242603,11467680074475,Still
0.12648697,0.6658154,9.385333,-0.008522116,-0.04261058,-0.015978966,0.07664063,0.69635195,9.784852,0.049846344,-0.030536499,-0.3995192,0.03543622,-0.00459633,-0.019243248,11467730074475,Still
0.12948075,0.6740483,9.384135,-0.008522116,-0.040480047,-0.015978966,0.07649094,0.6954538,9.785002,0.052989807,-0.021405486,-0.4008664,0.035391763,-0.0045871167,-0.019243408,11467780074475,Still
0.12828323,0.67135394,9.405991,-0.007456851,-0.041545313,-0.015978966,0.07634125,0.6953041,9.785002,0.051941987,-0.023950195,-0.37901184,0.03538672,-0.0045819953,-0.019239668,11467830074475,Still
0.102387086,0.6783893,9.393117,-0.007456851,-0.043675844,-0.014913702,0.07679031,0.69485503,9.785002,0.025596771,-0.016465759,-0.39188507,0.035362836,-0.004598883,-0.019242868,11467880074475,Still
0.13576767,0.69290906,9.412726,-0.007456851,-0.044741105,-0.014913702,0.07753876,0.6953041,9.785002,0.058228914,-0.0023950196,-0.37227586,0.03538196,-0.004641027,-0.01923336,11467930074475,Still
0.100291446,0.69380724,9.391919,-0.008522116,-0.044741105,-0.015978966,0.07753876,0.6956035,9.784852,0.022752685,-0.0017962647,-0.3929329,0.03539836,-0.004637884,-0.01923622,11467980074475,Still
0.11481125,0.6807843,9.392967,-0.008522116,-0.044741105,-0.015978966,0.07723938,0.6956035,9.784852,0.03757187,-0.014819183,-0.39188507,0.03539569,-0.00462748,-0.019241977,11468030074475,Still
0.12828323,0.68377805,9.378148,-0.008522116,-0.04261058,-0.015978966,0.07694,0.6954538,9.785002,0.051343232,-0.01167572,-0.40685394,0.03538748,-0.004606233,-0.019239195,11468080074475,Still
0.1261876,0.6768924,9.415121,-0.007456851,-0.04261058,-0.014913702,0.07694,0.6951544,9.785002,0.04924759,-0.018262023,-0.36988083,0.035377353,-0.0046096137,-0.019242555,11468130074475,Still
0.1526825,0.68767,9.379944,-0.00958738,-0.043675844,-0.015978966,0.07723938,0.69455564,9.785002,0.07544312,-0.0068856813,-0.40505767,0.03534677,-0.0046226745,-0.019238692,11468180074475,Still
0.124241635,0.67225206,9.426947,-0.008522116,-0.043675844,-0.014913702,0.07783814,0.69455564,9.785002,0.046403505,-0.022303618,-0.3580554,0.03534375,-0.004655456,-0.0192408,11468230074475,Still
0.103734285,0.68811905,9.402248,-0.008522116,-0.043675844,-0.017044231,0.07694,0.69470537,9.785002,0.02679428,-0.006586304,-0.38275406,0.035351835,-0.0046084067,-0.019236706,11468280074475,Still
0.13262421,0.69859725,9.3911705,-0.007456851,-0.043675844,-0.015978966,0.07679031,0.6951544,9.785002,0.05583389,0.0034428407,-0.393831,0.035373427,-0.0046043945,-0.01924275,11468330074475,Still
0.13187577,0.68377805,9.402697,-0.007456851,-0.04261058,-0.017044231,0.07664063,0.6953041,9.785002,0.055235136,-0.011526031,-0.382305,0.035382587,-0.0045951484,-0.019239567,11468380074475,Still
0.11436218,0.6836284,9.354647,-0.008522116,-0.044741105,-0.015978966,0.07664063,0.6956035,9.784852,0.03772156,-0.0119750975,-0.43020537,0.035400644,-0.004593787,-0.019236363,11468430074475,Still
0.13097763,0.6927594,9.385034,-0.008522116,-0.04261058,-0.014913702,0.07619156,0.6951544,9.785002,0.05478607,-0.0023950196,-0.39996827,0.035373144,-0.004572955,-0.019232757,11468480074475,Still
0.123642884,0.66147447,9.392967,-0.007456851,-0.04261058,-0.014913702,0.07589218,0.69485503,9.785002,0.0477507,-0.033380583,-0.39203477,0.03535777,-0.004557575,-0.019244352,11468530074475,Still
0.13367203,0.67644334,9.384584,-0.008522116,-0.04261058,-0.015978966,0.07604187,0.69455564,9.785002,0.05763016,-0.018112335,-0.40041733,0.035348497,-0.004565482,-0.019235212,11468580074475,Still
0.11750565,0.6915619,9.411828,-0.007456851,-0.043675844,-0.017044231,0.07619156,0.69455564,9.785002,0.041314088,-0.0029937744,-0.37317398,0.03534702,-0.0045728087,-0.019240398,11468630074475,Still
0.14250366,0.690065,9.442215,-0.008522116,-0.044741105,-0.018109495,0.07649094,0.69485503,9.785002,0.066012725,-0.0047900393,-0.34278718,0.03536,-0.004589608,-0.019248266,11468680074475,Still
0.14669494,0.6890172,9.380243,-0.008522116,-0.043675844,-0.015978966,0.07708969,0.6951544,9.785002,0.06960525,-0.0061372374,-0.4047583,0.03537437,-0.004615641,-0.019242352,11468730074475,Still
0.124690704,0.68497556,9.390872,-0.007456851,-0.043675844,-0.015978966,0.07664063,0.6951544,9.785002,0.04805008,-0.010178833,-0.3941304,0.035371594,-0.0045974674,-0.019234482,11468780074475,Still
0.11121872,0.6788384,9.369166,-0.007456851,-0.041545313,-0.014913702,0.07694,0.694406,9.785002,0.034278717,-0.015567627,-0.41583526,0.03533529,-0.0046077427,-0.01924247,11468830074475,Still
0.105979614,0.7003935,9.39626,-0.007456851,-0.043675844,-0.017044231,0.07649094,0.69470537,9.785002,0.029488677,0.0056881714,-0.3887416,0.035355,-0.0045830365,-0.019242704,11468880074475,Still
0.17797989,0.6879694,9.417217,-0.007456851,-0.044741105,-0.01917476,0.07708969,0.6956035,9.784852,0.1008902,-0.0076341247,-0.3676355,0.035399795,-0.004620108,-0.019242283,11468930074475,Still
0.12828323,0.68153274,9.407187,-0.007456851,-0.04580637,-0.015978966,0.07768845,0.69575316,9.784852,0.050594788,-0.014220429,-0.37766466,0.035403572,-0.0046476666,-0.019236227,11468980074475,Still
0.121397555,0.6680608,9.31977,-0.0063915867,-0.043675844,-0.017044231,0.07783814,0.69605255,9.784852,0.043559417,-0.02799179,-0.46508285,0.035419133,-0.004655353,-0.019241069,11469030074475,Still
0.1459465,0.6709049,9.414822,-0.0063915867,-0.04261058,-0.017044231,0.0782872,0.69605255,9.784852,0.0676593,-0.025147704,-0.37003052,0.03541789,-0.004678742,-0.019239504,11469080074475,Still
0.13621673,0.6753955,9.407487,-0.007456851,-0.044741105,-0.015978966,0.07843689,0.6956035,9.784852,0.057779845,-0.020207977,-0.37736526,0.03539948,-0.004687798,-0.019239841,11469130074475,Still
0.14040802,0.70398605,9.375753,-0.0063915867,-0.044741105,-0.015978966,0.07843689,0.6962022,9.784852,0.06197113,0.0077838134,-0.40909928,0.035429016,-0.0046858527,-0.01923189,11469180074475,Still
0.12633727,0.68662214,9.369616,-0.007456851,-0.043675844,-0.017044231,0.07873627,0.6969507,9.784852,0.047601014,-0.010328522,-0.4152365,0.03546703,-0.004702973,-0.019239563,11469230074475,Still
0.12888199,0.6715036,9.399553,-0.008522116,-0.04261058,-0.017044231,0.0782872,0.6965016,9.784852,0.050594788,-0.024998017,-0.38529876,0.035442203,-0.004679404,-0.01923697,11469280074475,Still
0.10837463,0.68048495,9.387428,-0.007456851,-0.043675844,-0.014913702,0.07798782,0.696801,9.784852,0.030386811,-0.016316071,-0.39742357,0.035460956,-0.0046654018,-0.019240871,11469330074475,Still
0.13352233,0.6716533,9.432036,-0.007456851,-0.044741105,-0.017044231,0.07738907,0.6971004,9.784852,0.05613327,-0.025447082,-0.3528163,0.03547474,-0.004637031,-0.019244079,11469380074475,Still
0.14908996,0.6619235,9.38713,-0.008522116,-0.04261058,-0.015978966,0.07798782,0.6966513,9.784852,0.07110214,-0.034727782,-0.39772293,0.0354541,-0.004664896,-0.019240849,11469430074475,Still
0.14684464,0.69859725,9.397608,-0.007456851,-0.043675844,-0.013848438,0.0782872,0.6966513,9.784852,0.068557434,0.0019459534,-0.38724473,0.035448592,-0.0046825064,-0.019240186,11469480074475,Still
0.13172607,0.69455564,9.433682,-0.007456851,-0.043675844,-0.014913702,0.07813751,0.69725007,9.784852,0.05358856,-0.002694397,-0.35116974,0.03548419,-0.0046689566,-0.019232329,11469530074475,Still
0.12409195,0.7003935,9.409733,-0.0063915867,-0.043675844,-0.017044231,0.07813751,0.6971004,9.784852,0.045954436,0.003293152,-0.37511992,0.03547156,-0.004674189,-0.01924053,11469580074475,Still
0.14160553,0.6662645,9.402846,-0.008522116,-0.044741105,-0.017044231,0.07753876,0.69754946,9.784852,0.064066775,-0.031284943,-0.3820056,0.03549647,-0.004645625,-0.019241162,11469630074475,Still
0.1498384,0.6709049,9.407487,-0.007456851,-0.044741105,-0.015978966,0.07798782,0.6971004,9.784852,0.07185058,-0.026195526,-0.37736526,0.035471596,-0.0046622474,-0.019240953,11469680074475,Still
0.13247451,0.66671354,9.435329,-0.007456851,-0.043675844,-0.017044231,0.07783814,0.6969507,9.784852,0.05463638,-0.030237122,-0.34952316,0.035465606,-0.004661058,-0.019240651,11469730074475,Still
0.10942245,0.6979985,9.36782,-0.008522116,-0.043675844,-0.015978966,0.07813751,0.6966513,9.784852,0.031284943,0.0013471985,-0.41703278,0.035451293,-0.004675203,-0.019240407,11469780074475,Still
0.122445375,0.69380724,9.402846,-0.008522116,-0.043675844,-0.015978966,0.07813751,0.69725007,9.784852,0.04430786,-0.0034428407,-0.3820056,0.035481513,-0.004675165,-0.019234706,11469830074475,Still
0.1472937,0.6810837,9.404493,-0.00958738,-0.043675844,-0.017044231,0.0782872,0.69739974,9.784852,0.0690065,-0.016316071,-0.38035905,0.035491746,-0.004684491,-0.01924023,11469880074475,Still
0.13142669,0.669857,9.403595,-0.008522116,-0.043675844,-0.018109495,0.07843689,0.69739974,9.784852,0.052989807,-0.027542725,-0.38125718,0.035490558,-0.0046856683,-0.019247694,11469930074475,Still
0.15223342,0.70009416,9.393716,-0.007456851,-0.04261058,-0.013848438,0.07843689,0.69739974,9.784852,0.07379654,0.002694397,-0.39113662,0.03549164,-0.0046897978,-0.01924004,11469980074475,Still
0.14295273,0.6737489,9.378897,-0.007456851,-0.04261058,-0.017044231,0.07903565,0.69754946,9.784702,0.063917086,-0.023800507,-0.40580612,0.035497606,-0.0047219275,-0.019235548,11470030074475,Still
0.13172607,0.690065,9.379795,-0.007456851,-0.043675844,-0.015978966,0.07918534,0.69739974,9.784852,0.05254074,-0.0073347474,-0.40505767,0.03548491,-0.004722921,-0.01923881,11470080074475,Still
0.13816269,0.6734496,9.342821,-0.008522116,-0.043675844,-0.017044231,0.07903565,0.69739974,9.784702,0.059127044,-0.023950195,-0.4418811,0.035489574,-0.0047193235,-0.01923847,11470130074475,Still
0.12828323,0.68557435,9.384435,-0.007456851,-0.043675844,-0.018109495,0.07948471,0.69739974,9.784702,0.048798524,-0.011825409,-0.40026763,0.035489805,-0.0047386186,-0.019238263,11470180074475,Still
0.11585907,0.6584807,9.386681,-0.007456851,-0.044741105,-0.017044231,0.0796344,0.6971004,9.784852,0.03622467,-0.03861969,-0.398172,0.035471052,-0.0047493177,-0.019235004,11470230074475,Still
0.14744338,0.6788384,9.417068,-0.007456851,-0.043675844,-0.017044231,0.07978409,0.6966513,9.784852,0.0676593,-0.017812958,-0.3677852,0.03544513,-0.004753786,-0.01923753,11470280074475,Still
0.13442047,0.667462,9.429042,-0.008522116,-0.043675844,-0.015978966,0.07948471,0.69635195,9.784852,0.05493576,-0.028889922,-0.35581008,0.035430737,-0.004736634,-0.019234948,11470330074475,Still
0.13786331,0.6939569,9.400901,-0.007456851,-0.044741105,-0.017044231,0.07948471,0.6965016,9.784852,0.0583786,-0.0025447083,-0.38395157,0.03544198,-0.004738815,-0.019238051,11470380074475,Still
0.13606705,0.69919604,9.374106,-0.0063915867,-0.044741105,-0.015978966,0.07948471,0.6971004,9.784852,0.056582335,0.002095642,-0.41074586,0.03546962,-0.004741571,-0.019235041,11470430074475,Still
0.123193815,0.68841845,9.380393,-0.007456851,-0.043675844,-0.017044231,0.07933502,0.6976991,9.784702,0.043858796,-0.0092807,-0.40430924,0.035504077,-0.0047379388,-0.01923833,11470480074475,Still
0.12543915,0.6762936,9.427695,-0.007456851,-0.043675844,-0.017044231,0.0796344,0.6979985,9.784702,0.04580475,-0.021704864,-0.3570076,0.03551988,-0.0047525167,-0.019239834,11470530074475,Still
0.15013778,0.6885681,9.398207,-0.007456851,-0.043675844,-0.017044231,0.07993378,0.69739974,9.784702,0.07020401,-0.008831634,-0.38649628,0.0354875,-0.004768312,-0.019237172,11470580074475,Still
0.13367203,0.68767,9.423654,-0.0063915867,-0.043675844,-0.014913702,0.08023316,0.69725007,9.784702,0.053438872,-0.009580079,-0.3610492,0.035482433,-0.004781612,-0.01922527,11470630074475,Still
0.12992981,0.70787793,9.3823395,-0.007456851,-0.04580637,-0.014913702,0.08053253,0.6976991,9.784702,0.04939728,0.010178833,-0.40236327,0.035503544,-0.004792222,-0.01923637,11470680074475,Still
0.12663665,0.6939569,9.360635,-0.00958738,-0.04261058,-0.015978966,0.08128098,0.6981482,9.784702,0.04535568,-0.004191284,-0.42406815,0.03552161,-0.004831233,-0.019226655,11470730074475,Still
0.09639954,0.6927594,9.393416,-0.008522116,-0.041545313,-0.017044231,0.08083191,0.6979985,9.784702,0.015567627,-0.0052391053,-0.3912863,0.035514522,-0.004812007,-0.019235713,11470780074475,Still
0.14489868,0.6851253,9.398506,-0.007456851,-0.044741105,-0.017044231,0.08068222,0.69829786,9.784702,0.064216465,-0.013172608,-0.3861969,0.035531804,-0.0048005264,-0.019235872,11470830074475,Still
0.13202545,0.6873706,9.397458,-0.008522116,-0.044741105,-0.017044231,0.08083191,0.69829786,9.784702,0.051193543,-0.010927277,-0.38724473,0.03552945,-0.0048135994,-0.019235708,11470880074475,Still
0.10837463,0.6541397,9.408086,-0.008522116,-0.044741105,-0.014913702,0.08113129,0.6981482,9.784702,0.027243348,-0.044008482,-0.37661684,0.035522275,-0.004823841,-0.019227061,11470930074475,Still
0.12858261,0.66506696,9.394764,-0.007456851,-0.043675844,-0.015978966,0.0809816,0.6979985,9.784702,0.047601014,-0.032931518,-0.38993913,0.03551276,-0.0048196474,-0.019235417,11470980074475,Still
0.12798385,0.7135661,9.4474535,-0.008522116,-0.04261058,-0.017044231,0.08083191,0.6984476,9.784702,0.047151946,0.015118561,-0.33724868,0.03553783,-0.0048096273,-0.019232564,11471030074475,Still
0.14624588,0.66686326,9.380393,-0.008522116,-0.044741105,-0.017044231,0.08068222,0.69859725,9.784702,0.06556366,-0.03173401,-0.40430924,0.035546623,-0.004803488,-0.019233178,11471080074475,Still
0.15432908,0.68377805,9.374705,-0.007456851,-0.044741105,-0.017044231,0.0809816,0.69829786,9.784702,0.07334747,-0.014519806,-0.4099974,0.035530206,-0.004816452,-0.019235592,11471130074475,Still
0.12633727,0.6746471,9.376801,-0.0063915867,-0.04580637,-0.015978966,0.0809816,0.6981482,9.784702,0.04535568,-0.02350113,-0.40790176,0.035522927,-0.0048190597,-0.01923268,11471180074475,Still
0.120948486,0.68048495,9.366622,-0.008522116,-0.04261058,-0.015978966,0.0809816,0.6979985,9.784702,0.03996689,-0.01751358,-0.4180806,0.035518147,-0.004815246,-0.019235583,11471230074475,Still
0.122744754,0.6676117,9.425,-0.0063915867,-0.043675844,-0.017044231,0.08083191,0.69859725,9.784702,0.041912843,-0.030985566,-0.359702,0.03554817,-0.004811992,-0.0192326,11471280074475,Still
0.123493195,0.6586304,9.422007,-0.0063915867,-0.044741105,-0.015978966,0.0809816,0.6979985,9.784702,0.042511597,-0.039368134,-0.36269578,0.03551708,-0.004820993,-0.019235354,11471330074475,Still
0.13950989,0.6873706,9.389075,-0.007456851,-0.04261058,-0.017044231,0.08128098,0.6979985,9.784702,0.058228914,-0.010627899,-0.3956273,0.03551267,-0.0048359865,-0.019236747,11471380074475,Still
0.11346405,0.6965016,9.386681,-0.007456851,-0.04580637,-0.015978966,0.08128098,0.69829786,9.784702,0.032183073,-0.0017962647,-0.3980223,0.035530273,-0.0048367353,-0.019234829,11471430074475,Still
0.14085709,0.66791105,9.381741,-0.007456851,-0.043675844,-0.017044231,0.08187973,0.69859725,9.784702,0.058977354,-0.030686188,-0.40296203,0.03554908,-0.0048673563,-0.019233508,11471480074475,Still
0.123193815,0.66027695,9.413624,-0.0063915867,-0.043675844,-0.014913702,0.08202942,0.69829786,9.784702,0.0411644,-0.038020935,-0.37107834,0.03553048,-0.004875065,-0.019233443,11471530074475,Still
0.1128653,0.69575316,9.386681,-0.007456851,-0.043675844,-0.014913702,0.08173004,0.6979985,9.784702,0.031135254,-0.0022453307,-0.3980223,0.03551861,-0.004856973,-0.019220054,11471580074475,Still
0.11660752,0.6994954,9.380094,-0.008522116,-0.043675844,-0.018109495,0.08113129,0.6984476,9.784702,0.035476226,0.001047821,-0.4046086,0.03554242,-0.0048283953,-0.01923516,11471630074475,Still
0.16286133,0.7009923,9.36782,-0.007456851,-0.044741105,-0.015978966,0.081430666,0.6990463,9.784702,0.081430666,0.0019459534,-0.41688308,0.035565943,-0.0048398506,-0.019229406,11471680074475,Still
0.14025833,0.67479676,9.407637,-0.007456851,-0.043675844,-0.018109495,0.08202942,0.69889665,9.784702,0.058228914,-0.024099885,-0.3770659,0.035564683,-0.0048728,-0.019233666,11471730074475,Still
0.1499881,0.68123335,9.422156,-0.007456851,-0.04261058,-0.017044231,0.0823288,0.69829786,9.784702,0.0676593,-0.017064514,-0.3625461,0.03553345,-0.004888254,-0.019232975,11471780074475,Still
0.13382171,0.7048842,9.405092,-0.007456851,-0.043675844,-0.017044231,0.08202942,0.6979985,9.784702,0.051792298,0.0068856813,-0.3796106,0.03551764,-0.0048711123,-0.019230148,11471830074475,Still
0.13906083,0.6753955,9.406738,-0.0063915867,-0.04580637,-0.015978966,0.0823288,0.6984476,9.784702,0.056732025,-0.023052063,-0.37796402,0.035536192,-0.0048874468,-0.019232985,11471880074475,Still
0.1101709,0.69739974,9.36782,-0.007456851,-0.043675844,-0.017044231,0.08187973,0.6979985,9.784702,0.028291168,-5.987549E-4,-0.41688308,0.03551896,-0.004867605,-0.019232947,11471930074475,Still
0.11211685,0.6632707,9.366023,-0.007456851,-0.04261058,-0.017044231,0.08202942,0.69829786,9.784702,0.030087434,-0.03502716,-0.41867936,0.03553352,-0.0048721163,-0.01923351,11471980074475,Still
0.120200045,0.70937485,9.3928175,-0.00958738,-0.041545313,-0.015978966,0.081580356,0.6981482,9.784702,0.03861969,0.011226654,-0.39188507,0.03552723,-0.0048458353,-0.019230941,11472030074475,Still
0.1407074,0.68677187,9.43518,-0.007456851,-0.04261058,-0.015978966,0.081580356,0.69859725,9.784702,0.059127044,-0.011825409,-0.34952316,0.035545476,-0.004851165,-0.019234298,11472080074475,Still
0.1432521,0.6762936,9.408086,-0.010652645,-0.04261058,-0.017044231,0.081580356,0.6984476,9.784702,0.061671752,-0.02215393,-0.37661684,0.035539247,-0.0048490595,-0.01923887,11472130074475,Still
0.13172607,0.7244934,9.388626,-0.007456851,-0.043675844,-0.017044231,0.08068222,0.69829786,9.784702,0.051043853,0.026195526,-0.39607635,0.035530508,-0.0048031807,-0.019235939,11472180074475,Still
0.14669494,0.6518944,9.413325,-0.007456851,-0.041545313,-0.015978966,0.08202942,0.6979985,9.784702,0.064665526,-0.046104126,-0.3713777,0.03551399,-0.004872159,-0.01922452,11472230074475,Still
0.055534516,0.6885681,9.372759,-0.007456851,-0.046871636,-0.018109495,0.07993378,0.69754946,9.784702,-0.024399262,-0.008981323,-0.41194335,0.03549357,-0.004767321,-0.019237038,11472280074475,Still
0.16480727,0.71850586,9.385034,-0.007456851,-0.046871636,-0.015978966,0.08053253,0.6987469,9.784702,0.08427475,0.019758912,-0.39966887,0.035557237,-0.0047957506,-0.019231394,11472330074475,Still
0.13367203,0.658331,9.375304,-0.007456851,-0.04580637,-0.017044231,0.081430666,0.6987469,9.784702,0.052241363,-0.040415954,-0.40939865,0.035552695,-0.0048443256,-0.01923452,11472380074475,Still
0.1407074,0.64006895,9.363928,-0.0063915867,-0.044741105,-0.013848438,0.0823288,0.6971004,9.784702,0.0583786,-0.057031404,-0.420775,0.035465475,-0.0048892405,-0.019216241,11472430074475,Still
0.104482725,0.68677187,9.384584,-0.0063915867,-0.043675844,-0.015978966,0.08173004,0.6966513,9.784852,0.022752685,-0.009879456,-0.40026763,0.035445146,-0.004857336,-0.0192161,11472480074475,Still
0.15163468,0.68781966,9.400901,-0.008522116,-0.04261058,-0.015978966,0.08128098,0.69754946,9.784702,0.0703537,-0.009729767,-0.38380188,0.035496347,-0.004835598,-0.01923459,11472530074475,Still
0.12633727,0.6700067,9.376501,-0.008522116,-0.04261058,-0.013848438,0.08128098,0.6969507,9.784852,0.045056306,-0.02694397,-0.40835083,0.0354606,-0.004830272,-0.019220503,11472580074475,Still
0.13232483,0.6825806,9.407187,-0.00958738,-0.043675844,-0.014913702,0.08038285,0.6962022,9.784852,0.051941987,-0.013621674,-0.37766466,0.03542358,-0.0047831135,-0.019236162,11472630074475,Still
0.1445993,0.69994444,9.383388,-0.008522116,-0.043675844,-0.014913702,0.08113129,0.6966513,9.784852,0.06346802,0.003293152,-0.40146515,0.03544479,-0.0048206607,-0.019224007,11472680074475,Still
0.11436218,0.67928743,9.362281,-0.007456851,-0.04261058,-0.017044231,0.0809816,0.69725007,9.784852,0.033380583,-0.017962646,-0.42257127,0.035475362,-0.004815922,-0.019235209,11472730074475,Still
0.10717712,0.6887178,9.385183,-0.008522116,-0.04261058,-0.015978966,0.08068222,0.69635195,9.784852,0.026494903,-0.0076341247,-0.39966887,0.035434946,-0.0048011374,-0.019229397,11472780074475,Still
0.09624985,0.7294331,9.394015,-0.008522116,-0.044741105,-0.017044231,0.07993378,0.6969507,9.784852,0.016316071,0.032482453,-0.39083725,0.035461992,-0.004761696,-0.019234315,11472830074475,Still
0.14265335,0.667462,9.434132,-0.008522116,-0.044741105,-0.017044231,0.07933502,0.69754946,9.784702,0.06331833,-0.030087434,-0.35057098,0.0354918,-0.0047376426,-0.019238051,11472880074475,Still
0.15492782,0.69036436,9.385183,-0.008522116,-0.04261058,-0.015978966,0.08023316,0.69725007,9.784852,0.07469467,-0.0068856813,-0.39966887,0.03547537,-0.0047806296,-0.019230668,11472930074475,Still
0.13726455,0.6489006,9.387578,-0.007456851,-0.04261058,-0.018109495,0.08068222,0.696801,9.784852,0.056582335,-0.04790039,-0.39727387,0.035456225,-0.0048023537,-0.0192356,11472980074475,Still
0.11885285,0.67135394,9.380393,-0.007456851,-0.04261058,-0.017044231,0.08053253,0.6965016,9.784852,0.038320314,-0.025147704,-0.4044589,0.035438813,-0.004794866,-0.019235067,11473030074475,Still
0.11795471,0.68183213,9.352252,-0.008522116,-0.044741105,-0.015978966,0.08023316,0.6966513,9.784852,0.03772156,-0.014819183,-0.4326004,0.035448104,-0.0047767395,-0.019236468,11473080074475,Still
0.12888199,0.6423143,9.388926,-0.008522116,-0.044741105,-0.015978966,0.07978409,0.6965016,9.784852,0.0490979,-0.054187316,-0.39592665,0.03544217,-0.0047530364,-0.019237276,11473130074475,Still
0.13965958,0.6755452,9.416469,-0.007456851,-0.044741105,-0.014913702,0.08023316,0.69605255,9.784852,0.059426423,-0.020507354,-0.36838394,0.035421267,-0.004777223,-0.019236326,11473180074475,Still
0.13831238,0.70278853,9.41093,-0.007456851,-0.043675844,-0.018109495,0.08038285,0.69635195,9.784852,0.057929534,0.006436615,-0.37392244,0.03543352,-0.004789303,-0.019240927,11473230074475,Still
0.11570938,0.68497556,9.402099,-0.007456851,-0.043675844,-0.015978966,0.08053253,0.69725007,9.784852,0.03517685,-0.012274475,-0.38275406,0.035475284,-0.0047914125,-0.019230386,11473280074475,Still
0.123343505,0.72673875,9.411828,-0.008522116,-0.04580637,-0.015978966,0.08023316,0.6976991,9.784702,0.043110352,0.029039612,-0.37287462,0.03549922,-0.0047771474,-0.019236637,11473330074475,Still
0.13546829,0.6951544,9.369915,-0.0063915867,-0.044741105,-0.018109495,0.07978409,0.69754946,9.784702,0.055684205,-0.0023950196,-0.41478744,0.035492282,-0.0047594216,-0.019239932,11473380074475,Still
0.13756393,0.683329,9.37695,-0.008522116,-0.04261058,-0.015978966,0.08008347,0.6976991,9.784702,0.05748047,-0.014370117,-0.40775207,0.03550192,-0.004776163,-0.019236695,11473430074475,Still
0.15702347,0.67928743,9.379645,-0.008522116,-0.044741105,-0.014913702,0.08053253,0.6976991,9.784702,0.07649094,-0.018411713,-0.40505767,0.035502866,-0.004791891,-0.019227881,11473480074475,Still
0.12723541,0.68302965,9.419462,-0.008522116,-0.04261058,-0.017044231,0.08083191,0.6981482,9.784702,0.046403505,-0.015118561,-0.36524048,0.035521574,-0.004814308,-0.019237386,11473530074475,Still
0.1513353,0.6652167,9.39147,-0.007456851,-0.043675844,-0.017044231,0.081430666,0.6981482,9.784702,0.06990463,-0.032931518,-0.39323226,0.035524137,-0.0048384843,-0.019234557,11473580074475,Still
0.122295685,0.6956035,9.411978,-0.008522116,-0.044741105,-0.014913702,0.08113129,0.6981482,9.784702,0.0411644,-0.0025447083,-0.37272492,0.035521157,-0.004824767,-0.019224295,11473630074475,Still
0.09699829,0.7012917,9.372311,-0.00958738,-0.043675844,-0.017044231,0.08038285,0.69889665,9.784702,0.016615449,0.0023950196,-0.41239244,0.035561748,-0.0047919936,-0.019236377,11473680074475,Still
0.13831238,0.6893166,9.413624,-0.0063915867,-0.04261058,-0.018109495,0.0809816,0.69889665,9.784702,0.05733078,-0.009580079,-0.37107834,0.035558812,-0.00481667,-0.019243117,11473730074475,Still
0.13427079,0.65773225,9.373807,-0.00958738,-0.043675844,-0.014913702,0.08427475,0.6979985,9.784702,0.049996033,-0.040266264,-0.41089553,0.035510533,-0.004987564,-0.019229185,11473780074475,Still
0.11765534,0.68961596,9.400601,-0.0063915867,-0.044741105,-0.015978966,0.086220704,0.69739974,9.784702,0.031434633,-0.0077838134,-0.38410127,0.035483345,-0.0050848965,-0.019225463,11473830074475,Still
0.13726455,0.7095245,9.368717,-0.007456851,-0.04580637,-0.017044231,0.08771759,0.6981482,9.784702,0.04954697,0.011376343,-0.41598496,0.03551377,-0.005163473,-0.019222938,11473880074475,Still
0.12992981,0.66910857,9.340726,-0.007456851,-0.044741105,-0.015978966,0.09011261,0.6976991,9.784702,0.0398172,-0.028590545,-0.44397676,0.035490714,-0.0052824784,-0.019221703,11473930074475,Still
0.124541014,0.70518357,9.41572,-0.007456851,-0.043675844,-0.014913702,0.09175918,0.69754946,9.784702,0.03278183,0.0076341247,-0.3689827,0.035485074,-0.0053665293,-0.019215565,11473980074475,Still
0.123343505,0.69470537,9.391919,-0.007456851,-0.04261058,-0.015978966,0.09355545,0.6979985,9.784553,0.029788055,-0.003293152,-0.39263353,0.035502087,-0.0054566674,-0.019212417,11474030074475,Still
0.13621673,0.6851253,9.371861,-0.00958738,-0.04580637,-0.018109495,0.09505234,0.69829786,9.784553,0.0411644,-0.013172608,-0.4126918,0.03551969,-0.0055337166,-0.019220918,11474080074475,Still
0.102536775,0.68781966,9.389075,-0.007456851,-0.043675844,-0.018109495,0.09669891,0.6981482,9.784553,0.00583786,-0.010328522,-0.3954776,0.035512246,-0.0056193676,-0.019206667,11474130074475,Still
0.120349735,0.6402187,9.397308,-0.007456851,-0.043675844,-0.017044231,0.09774674,0.69739974,9.784553,0.022602998,-0.05718109,-0.38724473,0.0354708,-0.00567051,-0.01921,11474180074475,Still
0.120050356,0.671803,9.373657,-0.007456851,-0.043675844,-0.017044231,0.09909394,0.6969507,9.784553,0.020956421,-0.025147704,-0.41089553,0.035446815,-0.0057419837,-0.019201968,11474230074475,Still
0.122445375,0.6595285,9.389824,-0.0063915867,-0.044741105,-0.015978966,0.10044113,0.6966513,9.784702,0.022004241,-0.0371228,-0.39487883,0.035430852,-0.0058058435,-0.019199666,11474280074475,Still
0.11975098,0.6979985,9.383388,-0.00958738,-0.043675844,-0.015978966,0.101488955,0.6962022,9.784702,0.018262023,0.0017962647,-0.40131545,0.035406694,-0.0058645485,-0.019197417,11474330074475,Still
0.11481125,0.7259903,9.369616,-0.007456851,-0.044741105,-0.015978966,0.102387086,0.6965016,9.784553,0.0124241635,0.029488677,-0.41493714,0.035420388,-0.0059100855,-0.019196156,11474380074475,Still
0.13352233,0.69889665,9.348809,-0.007456851,-0.043675844,-0.017044231,0.103584595,0.6969507,9.784553,0.029937744,0.0019459534,-0.43574387,0.03544353,-0.0059712296,-0.019193795,11474430074475,Still
0.104033664,0.6848259,9.374256,-0.007456851,-0.043675844,-0.017044231,0.10523117,0.69739974,9.784553,-0.0011975098,-0.012573852,-0.4102968,0.035464443,-0.0060494784,-0.01919635,11474480074475,Still
0.14400055,0.68437684,9.388476,-0.007456851,-0.043675844,-0.017044231,0.10627899,0.6969507,9.784553,0.03772156,-0.012573852,-0.39607635,0.035438977,-0.0061038267,-0.01918905,11474530074475,Still
0.12828323,0.68048495,9.385333,-0.008522116,-0.044741105,-0.015978966,0.10777588,0.6966513,9.784553,0.020507354,-0.016166382,-0.3992198,0.035425313,-0.006180005,-0.0191835,11474580074475,Still
0.122145995,0.7033873,9.384884,-0.00958738,-0.04580637,-0.017044231,0.10852432,0.6966513,9.784553,0.013621674,0.0067359926,-0.39966887,0.035422027,-0.0062171575,-0.019184925,11474630074475,Still
0.14504836,0.67868865,9.348809,-0.008522116,-0.04580637,-0.017044231,0.10987152,0.696801,9.784553,0.03517685,-0.018112335,-0.43574387,0.035426855,-0.0062917545,-0.019185625,11474680074475,Still
0.12888199,0.67389864,9.393416,-0.0063915867,-0.043675844,-0.017044231,0.11091934,0.696801,9.784553,0.017962646,-0.022902375,-0.39113662,0.035425633,-0.0063409694,-0.019180527,11474730074475,Still
0.11226654,0.66147447,9.374406,-0.008522116,-0.043675844,-0.015978966,0.11196716,0.69635195,9.784553,2.9937745E-4,-0.03487747,-0.4101471,0.035400778,-0.006393114,-0.019180954,11474780074475,Still
0.120349735,0.69231033,9.39626,-0.00958738,-0.044741105,-0.017044231,0.1128653,0.6959029,9.784553,0.007484436,-0.0035925293,-0.38829255,0.03537751,-0.006438081,-0.019176794,11474830074475,Still
0.121547244,0.6987469,9.40135,-0.00958738,-0.043675844,-0.015978966,0.11406281,0.6956035,9.784553,0.007484436,0.003143463,-0.38320312,0.03536111,-0.006504244,-0.019174758,11474880074475,Still
0.12843293,0.69096315,9.389075,-0.0063915867,-0.04261058,-0.017044231,0.11451187,0.69605255,9.784553,0.013921051,-0.0050894166,-0.3954776,0.03538858,-0.0065212743,-0.01917392,11474930074475,Still
0.13501923,0.66342044,9.423354,-0.007456851,-0.04261058,-0.015978966,0.11600876,0.6959029,9.784553,0.019010467,-0.032482453,-0.36119887,0.035375588,-0.006597859,-0.019168172,11474980074475,Still
0.12918137,0.69470537,9.376801,-0.008522116,-0.043675844,-0.017044231,0.11690689,0.69605255,9.784553,0.012274475,-0.0013471985,-0.40775207,0.03538168,-0.0066438382,-0.019169517,11475030074475,Still
0.14400055,0.67195266,9.402697,-0.00958738,-0.044741105,-0.017044231,0.11780503,0.69605255,9.784553,0.026195526,-0.024099885,-0.38185593,0.035383392,-0.006690095,-0.01917339,11475080074475,Still
0.120050356,0.6821315,9.374256,-0.008522116,-0.04580637,-0.017044231,0.11840378,0.69575316,9.784553,0.001646576,-0.013621674,-0.4102968,0.035365105,-0.0067194644,-0.019166734,11475130074475,Still
0.1287323,0.6598279,9.394913,-0.007456851,-0.044741105,-0.017044231,0.11930191,0.69605255,9.784403,0.00943039,-0.03622467,-0.38949004,0.035378955,-0.006770944,-0.019173395,11475180074475,Still
0.12573853,0.65773225,9.398356,-0.007456851,-0.04261058,-0.018109495,0.120200045,0.6951544,9.784553,0.0055384827,-0.03742218,-0.3861969,0.035333924,-0.006811835,-0.019163262,11475230074475,Still
0.14744338,0.667462,9.376351,-0.008522116,-0.044741105,-0.015978966,0.1207988,0.6951544,9.784553,0.026644593,-0.027692413,-0.40820113,0.035334334,-0.006840814,-0.01916255,11475280074475,Still
0.13037887,0.67045575,9.411379,-0.008522116,-0.044741105,-0.017044231,0.121547244,0.69485503,9.784553,0.008831634,-0.024399262,-0.37317398,0.035317335,-0.006880331,-0.019160729,11475330074475,Still
0.11256592,0.68048495,9.356893,-0.007456851,-0.044741105,-0.015978966,0.121397555,0.69470537,9.784553,-0.008831634,-0.014220429,-0.42766067,0.035311453,-0.0068737306,-0.019161435,11475380074475,Still
0.14370117,0.6715036,9.393117,-0.007456851,-0.044741105,-0.015978966,0.122295685,0.69470537,9.784553,0.021405486,-0.023201752,-0.391436,0.035311326,-0.0069226874,-0.019159216,11475430074475,Still
0.13621673,0.68527496,9.374556,-0.008522116,-0.04261058,-0.018109495,0.123343505,0.69455564,9.784553,0.01287323,-0.0092807,-0.4099974,0.035297073,-0.006969288,-0.0191652,11475480074475,Still
0.15627502,0.6810837,9.384584,-0.008522116,-0.043675844,-0.015978966,0.123792574,0.69485503,9.784553,0.032482453,-0.013771363,-0.39996827,0.035318278,-0.0069989115,-0.019156553,11475530074475,Still
0.13217515,0.67898804,9.377699,-0.007456851,-0.04580637,-0.01917476,0.12499008,0.6950047,9.784403,0.0071850587,-0.016016694,-0.40670425,0.03532181,-0.0070585385,-0.019176409,11475580074475,Still
0.13157639,0.6966513,9.373058,-0.008522116,-0.04580637,-0.014913702,0.12588821,0.6954538,9.784403,0.0056881714,0.0011975098,-0.41134462,0.03534059,-0.007103648,-0.01915872,11475630074475,Still
0.13621673,0.64979875,9.365574,-0.008522116,-0.043675844,-0.017044231,0.12648697,0.6950047,9.784403,0.009729767,-0.045205995,-0.41882905,0.03532087,-0.0071315076,-0.019151835,11475680074475,Still
0.13247451,0.6524931,9.366772,-0.008522116,-0.04261058,-0.015978966,0.12708573,0.69455564,9.784553,0.005388794,-0.042062532,-0.41778123,0.035292953,-0.0071612997,-0.019150559,11475730074475,Still
0.124541014,0.68153274,9.393566,-0.007456851,-0.044741105,-0.017044231,0.12768447,0.69470537,9.784403,-0.003143463,-0.013172608,-0.39083725,0.03530276,-0.007195968,-0.019154646,11475780074475,Still
0.14130615,0.65204406,9.3823395,-0.008522116,-0.04580637,-0.017044231,0.12768447,0.69470537,9.784403,0.013621674,-0.042661287,-0.4020639,0.035304137,-0.007197205,-0.019149402,11475830074475,Still
0.12169693,0.6724017,9.358688,-0.007456851,-0.044741105,-0.015978966,0.12903167,0.6942563,9.784403,-0.0073347474,-0.021854553,-0.42571473,0.035281856,-0.0072612194,-0.01914748,11475880074475,Still
0.13052857,0.6749464,9.361682,-0.007456851,-0.043675844,-0.015978966,0.12918137,0.69470537,9.784403,0.0013471985,-0.019758912,-0.42272094,0.03530163,-0.0072728405,-0.019152243,11475930074475,Still
0.09101074,0.6800358,9.388776,-0.007456851,-0.044741105,-0.018109495,0.12978011,0.69470537,9.784403,-0.03876938,-0.014669495,-0.3956273,0.03530374,-0.0073036207,-0.019156506,11475980074475,Still
0.14519806,0.7008426,9.399853,-0.007456851,-0.044741105,-0.015978966,0.12963043,0.6950047,9.784403,0.015567627,0.00583786,-0.38455033,0.035315875,-0.0072963433,-0.019151453,11476030074475,Still
0.13696519,0.6863228,9.376501,-0.007456851,-0.04580637,-0.015978966,0.13097763,0.69470537,9.784403,0.0059875487,-0.008382568,-0.40790176,0.035298508,-0.0073622614,-0.019143466,11476080074475,Still
0.10103989,0.6646179,9.393117,-0.007456851,-0.044741105,-0.017044231,0.13157639,0.6951544,9.784403,-0.030536499,-0.030536499,-0.3912863,0.03531994,-0.0073904973,-0.019142924,11476130074475,Still
0.11705658,0.71087176,9.411229,-0.007456851,-0.043675844,-0.015978966,0.13172607,0.6951544,9.784403,-0.014669495,0.015717316,-0.37317398,0.035322286,-0.007403603,-0.019142238,11476180074475,Still
0.14504836,0.68841845,9.378448,-0.007456851,-0.044741105,-0.018109495,0.13277389,0.6953041,9.784403,0.012274475,-0.0068856813,-0.40595582,0.035330556,-0.0074532637,-0.019140428,11476230074475,Still
0.12858261,0.7066805,9.368568,-0.008522116,-0.044741105,-0.018109495,0.13322297,0.6956035,9.784253,-0.00464035,0.011076965,-0.41568556,0.035345346,-0.007473441,-0.01914791,11476280074475,Still
0.13696519,0.67734146,9.370963,-0.007456851,-0.04580637,-0.017044231,0.13337265,0.6956035,9.784253,0.0035925293,-0.018262023,-0.41329056,0.035344016,-0.007482809,-0.019139472,11476330074475,Still
0.12633727,0.66536635,9.379346,-0.007456851,-0.044741105,-0.017044231,0.13367203,0.6953041,9.784403,-0.0073347474,-0.029937744,-0.40505767,0.03533175,-0.007499242,-0.019144446,11476380074475,Still
0.14220428,0.66596514,9.367071,-0.008522116,-0.043675844,-0.015978966,0.13442047,0.6951544,9.784403,0.0077838134,-0.0291893,-0.41733214,0.035320114,-0.007534164,-0.019137494,11476430074475,Still
0.08996292,0.68018556,9.431737,-0.008522116,-0.043675844,-0.015978966,0.13457017,0.69470537,9.784403,-0.044607237,-0.014519806,-0.35266662,0.03529324,-0.007541475,-0.019136976,11476480074475,Still
0.14894028,0.6803352,9.40135,-0.007456851,-0.044741105,-0.017044231,0.13442047,0.69455564,9.784403,0.014519806,-0.014220429,-0.38305342,0.03529107,-0.007539578,-0.019137066,11476530074475,Still
0.11975098,0.68153274,9.322763,-0.007456851,-0.044741105,-0.018109495,0.13471985,0.69485503,9.784403,-0.014968872,-0.013322297,-0.46164,0.035302725,-0.0075553386,-0.019144848,11476580074475,Still
0.13471985,0.6743477,9.392668,-0.0063915867,-0.04580637,-0.014913702,0.13501923,0.6950047,9.784403,-2.9937745E-4,-0.020657044,-0.39173537,0.035309695,-0.0075689666,-0.019136155,11476630074475,Still
0.13142669,0.64695466,9.388476,-0.0063915867,-0.043675844,-0.018109495,0.1353186,0.69455564,9.784403,-0.0038919067,-0.047601014,-0.39592665,0.03528911,-0.0075801937,-0.019138103,11476680074475,Still
0.12573853,0.68437684,9.3663225,-0.00958738,-0.044741105,-0.017044231,0.1353186,0.6942563,9.784403,-0.009580079,-0.009879456,-0.4180806,0.035270803,-0.007578508,-0.019135538,11476730074475,Still
0.15283218,0.66177386,9.398356,-0.007456851,-0.043675844,-0.015978966,0.13546829,0.6936575,9.784403,0.017363891,-0.031883698,-0.3860472,0.0352452,-0.0075883837,-0.019131921,11476780074475,Still
0.103135526,0.68662214,9.414223,-0.007456851,-0.043675844,-0.014913702,0.13516891,0.6933582,9.784403,-0.032033388,-0.0067359926,-0.37018022,0.035224564,-0.0075719375,-0.019116737,11476830074475,Still
0.17393829,0.6863228,9.380094,-0.008522116,-0.04580637,-0.017044231,0.13576767,0.6930588,9.784403,0.038170625,-0.0067359926,-0.40430924,0.035215028,-0.007600243,-0.019134386,11476880074475,Still
0.1128653,0.6950047,9.363778,-0.007456851,-0.043675844,-0.015978966,0.13621673,0.69380724,9.784403,-0.02335144,0.0011975098,-0.4206253,0.03524884,-0.0076293126,-0.01913649,11476930074475,Still
0.13352233,0.65713346,9.399703,-0.008522116,-0.040480047,-0.015978966,0.13681549,0.6939569,9.784403,-0.003293152,-0.036823425,-0.3847,0.035259508,-0.0076544415,-0.019132763,11476980074475,Still
0.12499008,0.6791377,9.408685,-0.00958738,-0.04580637,-0.014913702,0.1366658,0.69350785,9.784403,-0.01167572,-0.014370117,-0.37571868,0.035234183,-0.007649296,-0.01913278,11477030074475,Still
0.11406281,0.6831793,9.346414,-0.008522116,-0.046871636,-0.015978966,0.13711487,0.694406,9.784403,-0.023052063,-0.011226654,-0.4379892,0.035282042,-0.0076732775,-0.019132271,11477080074475,Still
0.102387086,0.67988616,9.35779,-0.008522116,-0.044741105,-0.015978966,0.13711487,0.6939569,9.784403,-0.034727782,-0.01407074,-0.42661285,0.03525966,-0.0076698205,-0.01913259,11477130074475,Still
0.11002121,0.6737489,9.386381,-0.008522116,-0.043675844,-0.015978966,0.1366658,0.6941066,9.784403,-0.026644593,-0.020357667,-0.3980223,0.03526283,-0.007653212,-0.019132834,11477180074475,Still
0.13337265,0.6969507,9.363329,-0.007456851,-0.04261058,-0.017044231,0.1366658,0.6939569,9.784403,-0.003293152,0.0029937744,-0.42107436,0.035254195,-0.0076520294,-0.019135028,11477230074475,Still
0.14504836,0.7033873,9.386531,-0.007456851,-0.04580637,-0.01917476,0.13711487,0.6942563,9.784403,0.007933502,0.009131012,-0.39787263,0.035270438,-0.0076735746,-0.019132145,11477280074475,Still
0.13202545,0.6908134,9.411978,-0.007456851,-0.044741105,-0.014913702,0.13786331,0.69455564,9.784253,-0.00583786,-0.003742218,-0.37227586,0.035289843,-0.0077129733,-0.01912833,11477330074475,Still
0.13247451,0.6885681,9.392668,-0.0063915867,-0.044741105,-0.015978966,0.138013,0.6953041,9.784253,-0.0055384827,-0.0067359926,-0.3915857,0.03532676,-0.007718105,-0.01913097,11477380074475,Still
0.12588821,0.6762936,9.376801,-0.007456851,-0.043675844,-0.018109495,0.13876145,0.69575316,9.784253,-0.01287323,-0.019459534,-0.4074527,0.03534694,-0.0077565713,-0.019137995,11477430074475,Still
0.11451187,0.6478528,9.33399,-0.007456851,-0.04261058,-0.017044231,0.13861175,0.6951544,9.784253,-0.024099885,-0.047301635,-0.45026368,0.035315253,-0.007748802,-0.019134665,11477480074475,Still
0.13741425,0.6752458,9.4015,-0.008522116,-0.043675844,-0.015978966,0.13816269,0.6951544,9.784253,-7.484436E-4,-0.0199086,-0.38275406,0.03532003,-0.0077311825,-0.019130014,11477530074475,Still
0.17932709,0.66536635,9.389375,-0.00958738,-0.044741105,-0.015978966,0.1393602,0.69470537,9.784253,0.03996689,-0.02933899,-0.39487883,0.03529019,-0.0077857086,-0.019128274,11477580074475,Still
0.1420546,0.6915619,9.373657,-0.008522116,-0.043675844,-0.014913702,0.13995895,0.6942563,9.784253,0.002095642,-0.002694397,-0.41059616,0.035268776,-0.007817813,-0.01912697,11477630074475,Still
0.041912843,0.67225206,9.336085,-0.007456851,-0.043675844,-0.018109495,0.13846207,0.69350785,9.784403,-0.09654923,-0.021255799,-0.4483177,0.035231356,-0.0077390624,-0.019135118,11477680074475,Still
0.123193815,0.73751634,9.416169,-0.007456851,-0.044741105,-0.017044231,0.13741425,0.6951544,9.784253,-0.014220429,0.042361908,-0.36808455,0.035314508,-0.007690398,-0.019131789,11477730074475,Still
0.11795471,0.6557863,9.3872795,-0.007456851,-0.046871636,-0.020240024,0.13816269,0.6959029,9.784253,-0.020207977,-0.04011658,-0.39697447,0.035351824,-0.007729821,-0.019149724,11477780074475,Still
0.13322297,0.6632707,9.37695,-0.007456851,-0.046871636,-0.017044231,0.13980927,0.6959029,9.784253,-0.006586304,-0.032632142,-0.407303,0.03535287,-0.007813392,-0.019133864,11477830074475,Still
0.1074765,0.64440995,9.357042,-0.008522116,-0.04580637,-0.017044231,0.1405577,0.69485503,9.784253,-0.033081207,-0.0504451,-0.4272116,0.035297915,-0.007846132,-0.019126117,11477880074475,Still
0.18097366,0.7354207,9.352851,-0.0063915867,-0.044741105,-0.018109495,0.14145584,0.6953041,9.784253,0.039517824,0.04011658,-0.4314029,0.03532108,-0.007892,-0.01912465,11477930074475,Still
0.08786728,0.64186525,9.394913,-0.007456851,-0.043675844,-0.014913702,0.14145584,0.6953041,9.784253,-0.05358856,-0.053438872,-0.38934037,0.035319954,-0.007893124,-0.019116487,11477980074475,Still
0.07364685,0.66506696,9.388177,-0.007456851,-0.04580637,-0.015978966,0.13906083,0.69380724,9.784403,-0.065413974,-0.028740235,-0.39622605,0.035249777,-0.007773958,-0.019131262,11478030074475,Still
0.21974304,0.72703815,9.385782,-0.0063915867,-0.04580637,-0.014913702,0.14100677,0.6942563,9.784253,0.07873627,0.03278183,-0.3984714,0.035269555,-0.007869475,-0.019122897,11478080074475,Still
0.12858261,0.67614394,9.379046,-0.0063915867,-0.043675844,-0.018109495,0.14250366,0.6954538,9.784253,-0.013921051,-0.019309845,-0.40520737,0.035326257,-0.007951709,-0.019122569,11478130074475,Still
0.13337265,0.6527925,9.369466,-0.0063915867,-0.043675844,-0.015978966,0.14280304,0.69485503,9.784253,-0.00943039,-0.042062532,-0.41478744,0.035300404,-0.007966074,-0.01912186,11478180074475,Still
0.13277389,0.68377805,9.39641,-0.007456851,-0.044741105,-0.017044231,0.14175522,0.69470537,9.784253,-0.008981323,-0.010927277,-0.3878435,0.035290707,-0.007911642,-0.019123718,11478230074475,Still
0.10298584,0.66162413,9.394913,-0.007456851,-0.04261058,-0.014913702,0.14145584,0.694406,9.784253,-0.03847,-0.03278183,-0.38934037,0.035272084,-0.007894848,-0.019118203,11478280074475,Still
0.064964905,0.71221894,9.365724,-0.008522116,-0.046871636,-0.014913702,0.13965958,0.69485503,9.784253,-0.07469467,0.017363891,-0.41852966,0.035297677,-0.007802844,-0.019127611,11478330074475,Still
0.124241635,0.6794371,9.3806925,-0.007456851,-0.044741105,-0.017044231,0.1392105,0.6954538,9.784253,-0.014968872,-0.016016694,-0.4035608,0.035333753,-0.0077853445,-0.01913162,11478380074475,Still
0.14415024,0.6779402,9.409284,-0.008522116,-0.043675844,-0.018109495,0.14100677,0.6951544,9.784253,0.003143463,-0.017214203,-0.37497026,0.035315327,-0.007874867,-0.019125178,11478430074475,Still
0.13756393,0.71536237,9.349558,-0.007456851,-0.04580637,-0.018109495,0.1419049,0.6953041,9.784253,-0.0043409728,0.02005829,-0.43469605,0.035323575,-0.00792295,-0.01914802,11478480074475,Still
0.14879058,0.68377805,9.387877,-0.008522116,-0.04580637,-0.01917476,0.14295273,0.6956035,9.784253,0.00583786,-0.011825409,-0.39637575,0.035336886,-0.007972161,-0.019121878,11478530074475,Still
0.120349735,0.68841845,9.376801,-0.008522116,-0.04580637,-0.020240024,0.14310242,0.6953041,9.784253,-0.022752685,-0.0068856813,-0.4074527,0.035319366,-0.007978915,-0.01914328,11478580074475,Still
0.09400452,0.64845157,9.378448,-0.008522116,-0.044741105,-0.015978966,0.1419049,0.69380724,9.784253,-0.04790039,-0.04535568,-0.40580612,0.035243765,-0.007913923,-0.019123267,11478630074475,Still
0.16645385,0.6465056,9.378448,-0.007456851,-0.044741105,-0.013848438,0.14220428,0.69246,9.784403,0.024249572,-0.045954436,-0.40595582,0.035178505,-0.007932087,-0.019109339,11478680074475,Still
0.12903167,0.70009416,9.3735075,-0.008522116,-0.043675844,-0.013848438,0.14310242,0.69231033,9.784403,-0.01407074,0.0077838134,-0.41089553,0.035169695,-0.007979402,-0.01912042,11478730074475,Still
0.1472937,0.6918613,9.409433,-0.008522116,-0.044741105,-0.015978966,0.14265335,0.6927594,9.784403,0.00464035,-8.9813233E-4,-0.37497026,0.03519212,-0.007951319,-0.019122126,11478780074475,Still
0.1540297,0.68722093,9.4121275,-0.008522116,-0.043675844,-0.015978966,0.14385086,0.6926097,9.784403,0.010178833,-0.005388794,-0.37227586,0.035179738,-0.008017817,-0.019119151,11478830074475,Still
0.09654923,0.70967424,9.385483,-0.008522116,-0.043675844,-0.014913702,0.14370117,0.69320846,9.784403,-0.047151946,0.016465759,-0.39892045,0.03521052,-0.008004648,-0.019117549,11478880074475,Still
0.08831634,0.69605255,9.388327,-0.007456851,-0.04580637,-0.018109495,0.1420546,0.6941066,9.784253,-0.05373825,0.0019459534,-0.39592665,0.035257045,-0.007924944,-0.019122995,11478930074475,Still
0.14579682,0.67449737,9.357042,-0.007456851,-0.044741105,-0.018109495,0.14280304,0.6941066,9.784253,0.0029937744,-0.019609222,-0.4272116,0.035257958,-0.007960411,-0.019132625,11478980074475,Still
0.1511856,0.6547385,9.342821,-0.008522116,-0.04580637,-0.014913702,0.14370117,0.69246,9.784403,0.007484436,-0.03772156,-0.44158173,0.035174597,-0.008004806,-0.019119564,11479030074475,Still
0.120948486,0.6996451,9.384584,-0.007456851,-0.043675844,-0.014913702,0.14415024,0.69216067,9.784403,-0.023201752,0.007484436,-0.39981857,0.035159312,-0.008031984,-0.019113094,11479080074475,Still
0.083526306,0.70263886,9.373208,-0.008522116,-0.044741105,-0.014913702,0.1434018,0.69290906,9.784403,-0.05987549,0.009729767,-0.41119492,0.0351997,-0.007995375,-0.019120097,11479130074475,Still
0.09520203,0.6755452,9.421408,-0.007456851,-0.043675844,-0.018109495,0.14265335,0.6939569,9.784253,-0.047451325,-0.018411713,-0.36284545,0.035248496,-0.007953197,-0.01912741,11479180074475,Still
0.14579682,0.674198,9.372011,-0.008522116,-0.04261058,-0.015978966,0.14280304,0.6933582,9.784403,0.0029937744,-0.019160157,-0.41239244,0.035217468,-0.00795968,-0.019121503,11479230074475,Still
0.14579682,0.70967424,9.404044,-0.007456851,-0.043675844,-0.015978966,0.1432521,0.69320846,9.784403,0.0025447083,0.016465759,-0.38035905,0.035210736,-0.00798588,-0.019120809,11479280074475,Still
0.1434018,0.6578819,9.41063,-0.008522116,-0.043675844,-0.017044231,0.1434018,0.69320846,9.784403,0.0,-0.035326537,-0.37377274,0.035215378,-0.007992106,-0.019120328,11479330074475,Still
0.13950989,0.6861731,9.364377,-0.007456851,-0.043675844,-0.014913702,0.14400055,0.69216067,9.784403,-0.0044906614,-0.0059875487,-0.42002654,0.03516069,-0.008019928,-0.019118942,11479380074475,Still
0.11241623,0.71027297,9.387728,-0.0063915867,-0.04580637,-0.017044231,0.14310242,0.6933582,9.784403,-0.030686188,0.016914826,-0.3966751,0.035223316,-0.0079806205,-0.019124072,11479430074475,Still
0.13037887,0.6782396,9.404793,-0.0063915867,-0.044741105,-0.018109495,0.14355148,0.6939569,9.784253,-0.013172608,-0.015717316,-0.3794609,0.03525386,-0.008000777,-0.01912029,11479480074475,Still
0.13726455,0.64725405,9.426947,-0.008522116,-0.04580637,-0.017044231,0.14474899,0.69320846,9.784253,-0.007484436,-0.045954436,-0.357307,0.03521391,-0.008058579,-0.019126616,11479530074475,Still
0.15477814,0.70683014,9.372759,-0.0063915867,-0.04580637,-0.017044231,0.14415024,0.6930588,9.784403,0.010627899,0.013771363,-0.41164398,0.035202153,-0.008029218,-0.01911889,11479580074475,Still
0.105680235,0.6797365,9.398057,-0.008522116,-0.044741105,-0.014913702,0.14415024,0.6930588,9.784403,-0.03847,-0.013322297,-0.38634658,0.035205618,-0.008030593,-0.01911888,11479630074475,Still
0.08966354,0.67674273,9.406589,-0.007456851,-0.044741105,-0.015978966,0.1434018,0.69350785,9.784253,-0.05373825,-0.016765136,-0.37766466,0.035225652,-0.00799363,-0.019120809,11479680074475,Still
0.14025833,0.6771918,9.420959,-0.007456851,-0.04261058,-0.017044231,0.1434018,0.6933582,9.784403,-0.003143463,-0.016166382,-0.3634442,0.03521994,-0.00799452,-0.019120269,11479730074475,Still
0.11930191,0.6683601,9.386681,-0.008522116,-0.043675844,-0.017044231,0.14415024,0.69320846,9.784403,-0.024848327,-0.024848327,-0.39772293,0.035213158,-0.008034914,-0.019133542,11479780074475,Still
0.33230895,0.47601014,8.381969,-0.11717909,-0.24181503,-0.013848438,0.29817992,0.6008505,9.786948,0.034129027,-0.12484039,-1.4049783,0.030350994,-0.015780944,-0.018806878,11479830074475,Still
0.005388794,0.7325766,10.335407,0.23009712,0.47830373,-0.02130529,0.16735199,0.6686595,9.785601,-0.1619632,0.063917086,0.54980665,0.033939335,-0.009179818,-0.018885903,11479880074475,Still
0.09744736,0.69290906,9.33399,-0.002130529,-0.049002163,-0.015978966,0.15148498,0.6879694,9.784553,-0.054037627,0.004939728,-0.45056304,0.03493905,-0.008401437,-0.019100722,11479930074475,Still
0.14130615,0.66955763,9.392368,-0.0053263223,-0.05539375,-0.017044231,0.15073654,0.69036436,9.784403,-0.00943039,-0.020806732,-0.39203477,0.035063628,-0.008362773,-0.019111564,11479980074475,Still
0.13412109,0.64096713,9.366622,-0.008522116,-0.043675844,-0.018109495,0.1499881,0.6911128,9.784403,-0.015867004,-0.050145723,-0.41778123,0.035099145,-0.008326646,-0.0191046,11480030074475,Still